"","created_at","date","name","username","link","tweet","replies_count","retweets_count","likes_count","photos"
"1",2022-04-04 01:15:10,2022-04-04,"BestCryptoLeak","bestcryptoleak","https://twitter.com/Bestcryptoleak/status/1510757833985466370","Tokens take the runway at Metaverse Fashion¬†Week  https://t.co/70YcOWRm9s",0,0,0,"[]"
"2",2022-03-21 15:29:40,2022-03-21,"Meta Yachts - Official","metayachtsclub","https://twitter.com/MetaYachtsClub/status/1505914543590952963","Only three more days to Metaverse Fashion Week!!",0,1,2,"[]"
"3",2022-03-15 14:01:02,2022-03-15,"Tokens.com","tokens_com","https://twitter.com/tokens_com/status/1503717910539350022"," https://t.co/Sy7NgzO4mv CEO, @AndrewKiguel discusses Metaverse Fashion Week in #Decentraland, the state of crypto currencies and more. Watch the full video here  https://t.co/hxF7n4Fy6P $COIN.n $SMURF",0,2,10,"[]"
"4",2022-02-24 00:00:24,2022-02-24,"SolidBlock","solidblockco","https://twitter.com/SolidBlockCo/status/1496620991811923971","Get ready for the #Metaverse fashion week! Awesome.   https://t.co/tTnGWtnQoj  https://t.co/ZYR1AY80T8",0,0,0,"[]"
"5",2022-03-22 18:04:08,2022-03-22,"Crypto Scoop","cryptscp","https://twitter.com/cryptscp/status/1506315805134262274","#Culture #Metaverse #NFTs Decentraland to host world‚Äôs first metaverse fashion week  https://t.co/lpo06wMY4B NFTs:  https://t.co/nBUFvon3KU  https://t.co/7pbJZ7yRbf",0,0,1,"['https://pbs.twimg.com/media/FOeCPe8VsAEjDIa.jpg']"
"6",2022-03-02 11:56:39,2022-03-02,"Universelle ‚ú®","universelle_io","https://twitter.com/Universelle_io/status/1498975566090878981","We are going all in on @decentraland, haute couture wearables and dynamic events!   Join our discord and check the latest announcement!  #Decentraland #MVFW  https://t.co/f8vJVebdqM",2,2,21,"['https://pbs.twimg.com/media/FM1uA4zXMAINmZs.jpg']"
"7",2022-04-06 15:29:49,2022-04-06,"LINGXING","lingxing_dcl","https://twitter.com/Lingxing_DCL/status/1511697688471150594","MVFW on @DragonCityIO @decentraland showroom + catwalk !  Join :  https://t.co/LAQKjndsa2  #MVFW #Metaverse #NFT  https://t.co/qoJw8wm86K",0,1,6,"['https://pbs.twimg.com/media/FPqggZbagAQYZvk.jpg']"
"8",2022-02-26 00:57:50,2022-02-26,"Crypto Investment News","cryptocouporg","https://twitter.com/Cryptocouporg/status/1497360217906032641","Decentraland to Host Metaverse Fashion Week With Tommy Hilfiger, Dolce &amp;amp; Gabbana, Selfridges   https://t.co/2fFwOk9joF summary_large_image",0,0,0,"[]"
"9",2022-03-03 17:37:28,2022-03-03,"Cryptanthropy.eth","cryptanthropy","https://twitter.com/Cryptanthropy/status/1499423723094351888","@ParcelNFT @decentraland Here is our entry! Cyberpunk Armor powered by Ubiq.  @ParcelNFT @decentraland @MetaPartyDCL #MVFW  https://t.co/sEXOwzFxKs",1,3,15,"['https://pbs.twimg.com/media/FM8F7cIUYAA5RVW.jpg', 'https://pbs.twimg.com/media/FM8F7jKVIAYA8Pj.jpg']"
"10",2022-03-21 22:18:22,2022-03-21,"KnownOrigin.io","knownorigin_io","https://twitter.com/KnownOrigin_io/status/1506017398566305793","Get your best wearables and strike a pose at Cult Couture: A Digital Fashion Exhibition  As part of the Metaverse Fashion Week celebrations, we are hosting a meta bash on Decentraland holding the biggest digital fashion exhibition ever!  Info thread below üëá  https://t.co/OWvACfAwC8",4,4,31,"['https://pbs.twimg.com/media/FOZy1wVXEAE8mq2.jpg']"
"11",2022-02-28 21:01:54,2022-02-28,"XPOZD","xpozd_io","https://twitter.com/xpozd_io/status/1498388009720287235","@BITCOINMACADEMY @decentraland @PacoRabanne @dolcegabbana @EtroOfficial @TommyHilfiger Fashion has always been ahead of the curve! We‚Äôre excited to be in #mvfw",0,0,1,"[]"
"12",2022-03-18 18:17:15,2022-03-18,"MichiTodd.eth üëΩüÖ∞Ô∏è","michi_todd","https://twitter.com/michi_todd/status/1504869555235360768","Did you catch this low key @stoney_eye  x Michi yukata for the #MVFW?   Stoney hand cut and sprayed these stencils of geishas into a collage which is why it's called 'Crimson Gaisha' Yukata~ üî•   Only in @decentraland !   https://t.co/awRlQbAeOm  https://t.co/3196xU7al1",6,8,39,"[]"
"13",2022-04-09 18:52:35,2022-04-09,"GossApe Girl","gossapegirl","https://twitter.com/gossapegirl/status/1512835877655166980","@debsoon Yes we had so much fun at the recent metaverse fashion week! We‚Äôd love to attend your event for sure    https://t.co/FEPk1p3ZrI",0,0,7,"[]"
"14",2022-03-13 23:54:58,2022-03-13,"ùìúùìæùìΩùì™ùì∑ùì≤.ùì≤ùì∏","mutani_io","https://twitter.com/mutani_io/status/1503142602916315138","An update on #digitalfashion today and the pending @decentraland #metaverse #FashionWeek with words from @m_h_d_v @shashimenon @danidoesnotxist @BAD_BINCH_TT @megan_kaspar and more by @Rachelwolf00 at @Cointelegraph   https://t.co/rfZvPNEjfF",0,4,13,"[]"
"15",2022-04-07 09:36:31,2022-04-07,"NFTY Scene","nftyscene","https://twitter.com/NFTYScene/status/1511971166877102080","During @decentraland's #MVFW Metaverse Fashion Week in March, Est√©e Lauder - exclusive partner of the much hyped virtual event - dropped its first NFTs. Inspired by the brand's Advanced Night Repair Serum, it promised avatars, wait for it‚Ä¶ a ""glowing, radiant look."" WTF!?",1,0,0,"[]"
"16",2022-03-26 19:55:35,2022-03-26,"MultiNFT.io","multinft","https://twitter.com/multinft/status/1507793402829709318","POPUP #MVFW After Party! TONIGHT: 11:30pm to 03:30am UTC  ùó¢ùóóùóòùó®ùó† üá∫üá¶ ùó†ùó®ùó¶ùóúùóñ Based in #Kiev. One of those artists, who can proudly name himself, as a true Ukrainian Tech House ambassador.   Event Link:  https://t.co/ma86gvEaUV  #nftmusic #StandWithUkraine #MetaverseNFT  https://t.co/eM7sbsVNFz",0,21,23,"['https://pbs.twimg.com/media/FOzBUKfXsAAGNOR.jpg']"
"17",2022-03-27 22:50:39,2022-03-27,"jasonsummers.nft","jscoincollector","https://twitter.com/JsCoincollector/status/1508184750426673157","I was going to complain about the lack of men's wear in #MVFW22, but thank you @Forever21 for clearing that out ü•∞üòâ I think I broke the bank ü§î...nah, this is crypto üòÇ  #Decentraland #Forever21 #DCL #Metaverse #NFTFashion #NFTcommunity #Wearable #NFT #MVFW #MetaverseFashionWeek  https://t.co/R0ATfd2GYa",0,0,8,"['https://pbs.twimg.com/media/FO4lgWpXIAgIxXR.jpg']"
"18",2022-03-22 02:01:59,2022-03-22,"JTV","jtv____","https://twitter.com/JTV____/status/1506073670854270980","Tommy Hilfiger brand in the Decentraland Metaverse fashion week.     https://t.co/1aBzrnjtdv",4,19,52,"[]"
"19",2022-04-20 20:34:30,2022-04-20,"Metaverse ICO","metaverse_ico_","https://twitter.com/Metaverse_ICO_/status/1516847796141236229","Nifty News: Luxury brands join Decentraland's Metaverse Fashion Week  https://t.co/OZ5eniXoZv #ETHNews #Crypto #Ethereum",0,0,0,"[]"
"20",2022-03-22 08:59:27,2022-03-22,"CryptoNewswire üåê","cryptonewswire","https://twitter.com/CryptoNewswire/status/1506178729189552130","Tommy Hilfiger to Showcase Spring 2022 Collections and NFT Wearables at Decentraland's Metaverse Fashion Week -  https://t.co/q0UxDsy49I",1,0,0,"[]"
"21",2022-04-07 10:49:03,2022-04-07,"MetaTokyoüè∞","themetatokyo","https://twitter.com/themetatokyo/status/1511989417593827329","We sent AMIAYA√óSTREET√óMetaTokyo pink tee and sunglass to MetaTokyo PASS holdersüéâ #MVFW #Decentraland   Photo by @vivien_cryptofr , @takumotion  https://t.co/ZdrUK5sME7",0,3,6,"['https://pbs.twimg.com/media/FPuqW_QVQAEPlEj.jpg', 'https://pbs.twimg.com/media/FPuqW_WVEAAM-Nz.jpg']"
"22",2022-03-26 22:28:16,2022-03-26,"MichiTodd.eth üëΩüÖ∞Ô∏è","michi_todd","https://twitter.com/michi_todd/status/1507831827855458304","This giant VR person in Dragon City is so sick, I couldn't find the runway event so I thought I'd have to wear the Japanese futurism @DatGuyGZO designs (hoodie and shoes) that we worked on together. #MVFW   Only in @decentraland ~   https://t.co/8jEuupw5Et  https://t.co/AGXl6hmufo",2,6,25,"['https://pbs.twimg.com/media/FOzjcetakAAp9wD.jpg']"
"23",2022-03-22 19:44:15,2022-03-22,"Crypto Sight","cryptosightnews","https://twitter.com/CryptoSightnews/status/1506340999773229066","Decentraland to host world‚Äôs first metaverse fashion¬†week  https://t.co/VFO0LiG6bo",0,0,0,"[]"
"24",2022-03-22 13:26:58,2022-03-22,"NFT.ETH (BitBuzz)","cryptostevewand","https://twitter.com/CryptoSteveWand/status/1506246051598061571","Tommy Hilfiger to Participate in Decentraland Metaverse Fashion Week ‚Äì WWD  https://t.co/oW2FaVTzvz",1,4,6,"[]"
"25",2022-03-21 19:11:56,2022-03-21,"WeMeta","wemetatweets","https://twitter.com/WeMetaTweets/status/1505970479718297605","Following Paris Fashion Week - #Decentraland is also gearing up to host the largest-ever Metaverse fashion event on March 24th   What will you be wearing?   https://t.co/KvvPZNEZ0d",0,0,3,"[]"
"26",2022-03-27 08:34:27,2022-03-27,"HARD‚ùÑÔ∏è","hardmetaverse","https://twitter.com/HARDMETAVERSE/status/1507969279769030670","Proud to have been able to be a part of the first-ever Metaverse Fashion Week! üíö  The Cloudwalk and the rest of the site came out beautifully thanks to the team!   Special thanks to the team! @MirrorsmusicDCL @PangeaDAO @Punk8621 @catothekeed    #MVFW22  https://t.co/5Ey0EZHk1U",3,7,29,"['https://pbs.twimg.com/media/FO1h-JQVEAIrCVp.jpg']"
"27",2022-03-22 01:19:47,2022-03-22,"Roustan","roustannft","https://twitter.com/RoustanNFT/status/1506063050079543299","Honored to finish in the top ten wearables for Metaverse Fashion Week! Thank you @ParcelNFT and all the participating judges!",4,2,39,"[]"
"28",2022-04-19 21:30:34,2022-04-19,"CJ TRAX & DJ T-RAX","djtraxnft","https://twitter.com/DJTRAXNFT/status/1516499514525245446","@MetaPartyDCL @MetaModelAgency iSpy a dinosaur ü¶ñ Had so much fun DJing Metaverse Fashion Week ü™©",0,0,1,"[]"
"29",2022-03-14 21:25:51,2022-03-14,"Eveline Ruehlin","enilev","https://twitter.com/enilev/status/1503467464616726528","@labordeolivier @XRCouture @sebbourguignon @Khulood_Almani @AshokNellikar @TheAdityaPatro @JeroenBartelse @RLDI_Lamy @NevilleGaunt @Analytics_699 @BetaMoroney @AlbertoEMachado @baski_LA @jeancayeux Very much looking forward as to how this will play out üëç @decentraland #MVFW  #fashion #FashionTech #Metaverse #NFTs #CryptoNews #blockchain #fashionista #XRCouture",0,0,7,"[]"
"30",2022-03-22 01:15:22,2022-03-22,"Parcel","parcelnft","https://twitter.com/ParcelNFT/status/1506061939360686086","The moment you've been waiting for üëÄ  We're very pleased to announce the 10th to 6th place winners in the @decentraland #MVFW Wearables Contest Wearables Contest. They'll each take home 100 MANA.  Congratulations!ü§©  Watch them strut @MetaPartyDCL 's Community Fashion Show üë†  https://t.co/2OZvt9c0OM",19,20,103,"['https://pbs.twimg.com/media/FOaaERfVUAQMNGy.jpg']"
"31",2022-03-27 23:15:05,2022-03-27,"Canessa","canessadcl","https://twitter.com/CanessaDCL/status/1508190899271966721","#MVFW Day 4: Slaying it in skirt by @tangpoko Crop top by @ShopCider Eyes by @michi_todd Wings by BananaSky and Crown and Gloves by @DecentralGames  https://t.co/GIcnCpdXwJ",2,9,39,"['https://pbs.twimg.com/media/FO4qqCFVsAA-AmK.png']"
"32",2022-04-23 19:00:01,2022-04-23,"Nft Insider News","nftnews_insider","https://twitter.com/NFTNews_insider/status/1517911182060838912","Decentraland (MANA) launched Metaverse fashion week with the participation of 70 giant companies. üì£üì£ #Metaverse #CryptoNews #CryptoTrends #NFT #NFTNews #NFTRelease #NFTDrop #AltCoin #AirDrop #NFTProject #NFTArtist  #NFTCommunity  #CNFT #CNFTCommunnity  https://t.co/p9LahujsWh",2,0,2,"['https://pbs.twimg.com/media/FRCfNL_XsAI10UN.jpg']"
"33",2022-04-05 16:55:15,2022-04-05,"Hodie NFT","hodienft","https://twitter.com/HodieNft/status/1511356799282253827","The first @decentraland's #Metaverse #FashionWeek #MVFW took place on March 24 - 27, giving a chance to its visitors to dive into four days of runway shows, after-parties, shopping, panel talks, and more. More details via @forbes:  https://t.co/5J1WJSHC32 #HodieNFT #nftartist #nft",0,1,3,"[]"
"34",2022-03-22 04:48:32,2022-03-22,"Metakey","themetakey","https://twitter.com/themetakey/status/1506115584315908098","1/üßµ ATT: Edition 3 Holders!!  As part of @decentraland Metaverse Fashion Week @marc0matic is releasing 'ùó†ùó≤ùòÅùóøùóºùóΩùóºùóπùó∂ùòÄ'!   A taste of  the creations from Marc-O-Matic's Universe.  Presenting 5 themes sets, 3 piece wearables in each.  https://t.co/C0HxcNMFOM",63,79,322,"[]"
"35",2022-04-18 19:00:26,2022-04-18,"DailyCoin","readdailycoin","https://twitter.com/ReadDailyCoin/status/1516099345636069376","#NFTnews üì∞ The First-of-Its-Kind #MetaverseFashion Week Was Held in March: Here Are 5 Major Takeaways üëúüëóüëñ  Read more:  https://t.co/e7b0vhqCxn  #Metaverse #NFT #NFTs #MVFW #NFTcommunity #crypto",2,0,5,"[]"
"36",2022-04-22 13:57:35,2022-04-22,"Eagle Stephen ‚ûê","eagle_stephen_","https://twitter.com/Eagle_Stephen_/status/1517472681486176256","Hey guys ! Here is a giveaway from Decentraland Wearable artists. Legendary #MVFW Black Bitforce AF1  Like &amp; RT  Must follow all 3 accounts   @CaliforniaPlugg   @Skullonface    @Eagle_Stephen_   Tag 3 friends 48HRS  #Decentraland #Wearables #NFTdrop #NFT #MetaverseFashionWeek  https://t.co/wkO4Pt5w57",46,43,55,"['https://pbs.twimg.com/media/FQ8lP28XEAEVjGC.png']"
"37",2022-03-19 17:49:47,2022-03-19,"XPOZD","xpozd_io","https://twitter.com/xpozd_io/status/1505225030531264513","We will be launching two exclusive #fashion photography #NFT projects at our gallery in @decentraland during Metaverse Fashion Week (3/24-3/27) Join us -  https://t.co/Q4lYvmGOYh   #mvfw #NFTCollection #NFTdrop #nftphotography  https://t.co/qzNzrg5y0F",2,3,18,"[]"
"38",2022-03-22 23:15:36,2022-03-22,"CJ TRAX & DJ T-RAX","djtraxnft","https://twitter.com/DJTRAXNFT/status/1506394188148969476","Wagmi baby from Las Vegas Blvd. #metaverse #lasvegas #crypto #fashionweek  #MVFW #Decentraland  https://t.co/tpGCxg0sFv",1,0,15,"[]"
"39",2022-03-26 22:29:16,2022-03-26,"Quiksilver","0xquiksilver","https://twitter.com/0xQuiksilver/status/1507832080922812422","METAPARTY!!!! @MetaPartyDCL here with @RezinatorDCL ‚ô•#MetaverseFashionWeek #MVFW  @decentraland @DCL_Events  Come join us:  https://t.co/rGEG6jQJfd  https://t.co/iHOd71O0i8",0,0,2,"['https://pbs.twimg.com/media/FOzk3OKXoAUA4pK.jpg']"
"40",2022-03-22 18:30:00,2022-03-22,"The Collective","chameleon_nft","https://twitter.com/Chameleon_NFT/status/1506322315080089601","‚ÄúBefore you leave the house, look in the mirror and take one thing off."" - Coco Chanel   We couldn't agree more. Prop Removal potion incoming! Show us which Chams have one too many accessories. üëá #ChamFam #NFT #nftart #Metaverse #FashionWeek  #nftfashion @chanel  https://t.co/HlGiffm5xk",12,20,46,"['https://pbs.twimg.com/tweet_video_thumb/FOeEkokXsAwMKvQ.jpg']"
"41",2022-03-27 00:18:55,2022-03-27,"Serenaelis","serenaelis_","https://twitter.com/Serenaelis_/status/1507859675349454848","living my best life   #MetaverseFashionWeek  #mvfw outfit by :@viaAvatar  music Notes : @Serenaelis_  https://t.co/OgupjPmS3V",3,1,30,"['https://pbs.twimg.com/media/FOz9mh6WQAcYOQv.jpg']"
"42",2022-03-18 19:19:08,2022-03-18,"8SIAN","8siannft","https://twitter.com/8sianNFT/status/1504885128291827712","Looking forward to the @BosonProtocol Metaverse Fashion Week with @ShopCider @ikks616 @ANREALAGE_ @Deadfellaz @therebelsnft @FangGangNFT #ChristineMassarany @Chubbies x @Macerich @ngrave_official @Wonderthebrand ! See ya at the Fashion District @decentraland üíÅüèª‚Äç‚ôÄÔ∏è #8SIAN #8SIAN1ETH  https://t.co/EuWHS3fTmO",0,13,32,"['https://pbs.twimg.com/media/FOJtC-HaIAE7fpT.jpg']"
"43",2022-03-22 15:11:31,2022-03-22,"Metaverse Insider","metav_insider","https://twitter.com/Metav_Insider/status/1506272364476178439","üöÄ@decentraland will host the Metaverse Fashion Week, which will start on March 24th  üß•The event will feature designers such as Tommy Hilfiger and Paco Rabanne    https://t.co/XwNfK9y12A  #event #fashion #designers #metaverse #web3 #fashion #fashionindustry #fashionweek",0,1,3,"[]"
"44",2022-04-06 20:17:34,2022-04-06,"Cryptoprenure","cryptoprenure","https://twitter.com/Cryptoprenure/status/1511770103947309056","#Cryptocurrency What Fashion Week is like in the metaverse - Mashable  https://t.co/NB3E1DIQyP",1,0,0,"[]"
"45",2022-03-22 12:30:27,2022-03-22,"Philip D Hughes - Breaking Metaverse News","pdh_metaverse","https://twitter.com/PDH_Metaverse/status/1506231832412569601","Moore From L.A.: What Is Metaverse Fashion Week? The Decentraland Event's Creator, Producer Explain - WWD  https://t.co/Ygxdm05I8F   Follow for #Metaverse #DataScience #Science #Tech #Coding #IoT #AI #VR  #Gaming #Robotics #Renewables",0,0,0,"[]"
"46",2022-03-28 01:45:04,2022-03-28,"GossApe Girl","gossapegirl","https://twitter.com/gossapegirl/status/1508228642727673857","BIG THANKS to the community, our Metaverse Fashion Week debut wouldn't be half as much fun without each of you! We really appreciate the continuous support. This one is for our community, much love to all of you üíñ  #GossApeGirl #GGFW  https://t.co/hL4j198BIC",4,30,84,"[]"
"47",2022-03-03 16:57:59,2022-03-03,"DOCTORdripp.eth","doctordrippnft","https://twitter.com/DOCTORdrippNFT/status/1499413786066710531","‚ÄúPunk Hat by #DOCTORdripp‚Äù is my submission to #MVFW and is currently in the #Decentraland marketplace for 3 mana.   @ParcelNFT @decentraland @MetaPartyDCL  https://t.co/qnJYWGaynh",2,5,36,"['https://pbs.twimg.com/media/FM785EXUUAEPQYN.jpg', 'https://pbs.twimg.com/media/FM785EWVgAQp6Es.jpg']"
"48",2022-03-17 09:31:22,2022-03-17,"What NFT","nftwhat_","https://twitter.com/NFTWHAT_/status/1504374821983072256","75% off during Metaverse Fashion week üè∑Ô∏èüè∑Ô∏è Now you can get Houras suit for 0.5 $MANA instead of 2 $MANA.  ONLY ON @decentrland  #Decentraland #Wearable  https://t.co/OhhQujKIbV",0,0,1,"[]"
"49",2022-03-01 19:32:46,2022-03-01,"XPOZD","xpozd_io","https://twitter.com/xpozd_io/status/1498727966871724033","Digital #fashion has gone from a niche to an emerging industry. As technology &amp; knowledge improve, so does the data-backed understanding of what people want to buy and wear virtually.  #mvfw #decentraland #metaverse  https://t.co/gCsMcjwwoj",0,2,4,"[]"
"50",2022-03-17 05:55:48,2022-03-17,"8SIANMOM","8sianmom","https://twitter.com/8sianmom/status/1504320574243295236","A photo with #Khoonhooi and the Mara gown (worn by @katyperry on @IHRJingleBall)   Ps. This piece will be showcased on @decentraland @BosonProtocol fashion week!   #Metaverse #fashionweek  https://t.co/Nswjwba23N",7,19,128,"['https://pbs.twimg.com/media/FOBrlbzVIAUCj20.jpg']"
"51",2022-03-27 23:24:28,2022-03-27,"Meta Jewels","metajewels_io","https://twitter.com/metajewels_io/status/1508193258882879488","#findingsophiatherobot @Forever21 in @decentraland   Come join us!  https://t.co/lmUxIBoKND  @RealSophiaRobot @mahaha0 @Skazsverse   #DCL #MVFW #forever21 #fashion #metafashion  https://t.co/fZtNqaN2Yh",2,0,14,"['https://pbs.twimg.com/media/FO4tQqbaQAE9kUE.jpg']"
"52",2022-04-05 15:00:12,2022-04-05,"Metaverse Group","metav3rsegroup","https://twitter.com/metav3rsegroup/status/1511327845380993031","Virtual stores, digital runways, nft wearables, music performances and VIP events. Swipe for an inside look at @decentraland‚Äôs first Metaverse Fashion Week.  https://t.co/0MNhAe2BPP",1,1,9,"['https://pbs.twimg.com/media/FPlQqjEXEAIpaII.jpg', 'https://pbs.twimg.com/media/FPlQqmmWUAA8_kI.jpg', 'https://pbs.twimg.com/media/FPlQqk9XoAA2vPs.jpg', 'https://pbs.twimg.com/media/FPlQqkMXoAQXsUk.jpg']"
"53",2022-02-26 11:33:10,2022-02-26,"Coinstacknews","coinstacknews","https://twitter.com/coinstacknews/status/1497520106368344069","Decentraland to Host Metaverse First Fashion Week Next Month  https://t.co/KvdonEYpkc",0,0,0,"[]"
"54",2022-04-22 20:02:19,2022-04-22,"Fortis Coin","fortis_coin","https://twitter.com/Fortis_Coin/status/1517564472239570945","In total, their activity has grown over 2,000% from 2021! üìà  The #Metaverse space also continues to grow and evolve, with #Decentraland‚Äôs #Fashion Week and the #Sandbox Alpha season 2 paving the way for blockchain-based metaverse projects. üöÄ (2/3)",1,0,4,"[]"
"55",2022-02-27 14:04:51,2022-02-27,"Deus Ex Metaverse","deusexmetaverse","https://twitter.com/DeusExMetaverse/status/1497920664862351366","Dolce &amp; Gabbana (@dolcegabbana) embrace the #metaverse at Milan fashion week, by Jessica Cartner-Morley (@JessC_M) in @guardian  https://t.co/isfTrtUYz6",1,0,0,"[]"
"56",2022-03-05 16:05:10,2022-03-05,"CryptoTab NFT","cryptotabnft","https://twitter.com/cryptotabnft/status/1500125273135755275","#Mustknow for all of you who love fashion, NFT or both! #Decentraland and @UNXD_NFT present Metaverse Fashion Week! There‚Äôll be parties, pop-ups, and catwalks. Come on and let‚Äôs hang out! üíÉüèºüï∫üèª  https://t.co/7jHxjkbLzy  https://t.co/t2Dv71qzhE",3,10,49,"['https://pbs.twimg.com/media/FNGDux0WUAAIa3v.jpg']"
"57",2022-04-18 18:46:36,2022-04-18,"CryptogainN","cryptogainn","https://twitter.com/cryptogainn/status/1516095864107941892","~The First-of-Its-Kind Metaverse Fashion Week Was Held in March: Here Are 5 Major Takeaways ‚Äî DailyCoin~  https://t.co/GDjwcShEuF #crypto #cryptonews #cryptocurrency #cryptocurrencynews",2,0,0,"[]"
"58",2022-03-04 15:34:34,2022-03-04,"ShelleyVan.eth (She/Her)","teenybod","https://twitter.com/teenybod/status/1499755182384553988","Metaverse Fashion Week is almost here!   I cannot wait to celebrate the incredible wearables created by this community.  I'd love to enter my first design, the 70s Groovy Suit, for a chance to be showcased. üíïüï∫   @ParcelNFT @decentraland @MetaPartyDCL #MVFW  https://t.co/icnLG9YJsT",5,4,42,"['https://pbs.twimg.com/media/FNArnEyVcAcP52U.png', 'https://pbs.twimg.com/media/FNArruBVEAEhF8m.png', 'https://pbs.twimg.com/media/FNArs0tVIAANuxZ.png']"
"59",2022-03-21 10:46:29,2022-03-21,"0xjoules.eth","0xjoules","https://twitter.com/0xjoules/status/1505843277509103617","Excited for the upcoming Metaverse Fashion Week with @Deadfellaz @FangGangNFT @BosonProtocol üéâ  https://t.co/FUhgokQwEh",6,9,76,"['https://pbs.twimg.com/media/FOXUenhXMAMU1mI.jpg']"
"60",2022-02-23 18:13:35,2022-02-23,"CryptoRedivex","cryptoredivex","https://twitter.com/CryptoRedivex/status/1496533709024940037","The Metaverse Virtual Fashion Week Is Coming in Decentraland  https://t.co/QAdeTWJzPQ #gamingCrypto #bitcoin #cryptocurrency",0,0,0,"[]"
"61",2022-03-27 05:54:43,2022-03-27,"Billy Teacoin (ü´ñ,ü•≥)","billyteacoin","https://twitter.com/BillyTeacoin/status/1507929082876796929","@Jarod40020's favourite kinda hat, the beer can hat! ‚ù§Ô∏èü•≥  #MVFW #MVFW2022 #DCL #Decentraland #Metaverse  https://t.co/rwQ2XCwZtn",0,0,0,"['https://pbs.twimg.com/media/FO09MYGaUAA9eLo.jpg']"
"62",2022-03-26 18:22:42,2022-03-26,"Girl With Girl","girlwithgirlnft","https://twitter.com/GirlWithGirlNFT/status/1507770030041493505","My wife and I explored the #MVFW locations and are mind-blown by all the exciting digital art and fashion showcases!  https://t.co/CplBycv1p7",1,0,1,"[]"
"63",2022-03-01 03:02:43,2022-03-01,"NFT search engine üåàdaily auction","brave0nft","https://twitter.com/brave0nft/status/1498478808848117760","Decentraland to Host World‚Äôs First Metaverse Fashion Week  https://t.co/vl89dBJdNd . #nft #tezos",1,0,3,"[]"
"64",2022-03-18 18:03:49,2022-03-18,"GossApe Girl","gossapegirl","https://twitter.com/gossapegirl/status/1504866173716164610","Hey GGs! We are excited to join the @decentraland Metaverse Fashion Week. Our GGs will be walking down the runway, featuring GG fashion, @DiamondHandbag, and community wearables! More details in the next few days.  xoxoüíã #gossapegirl #Decentraland #ggfashionweek #FashionWeek  https://t.co/esGf8fAeUa",15,40,84,"['https://pbs.twimg.com/media/FOJbs7GXECogZLI.jpg']"
"65",2022-03-22 15:00:28,2022-03-22,"fashionvictim.eth | Degeniverse.com","nftfash","https://twitter.com/NFTfash/status/1506269582511779849","Get ready, starts 3/24 in @decentraland --&gt;What fashion week looks like in the metaverse  https://t.co/FFCdC2S2W5 via @VogueBusiness",0,0,0,"[]"
"66",2022-03-21 13:04:07,2022-03-21,"NFT Marketing Partners","partnersnft","https://twitter.com/PartnersNFT/status/1505877913782026241","Decentraland to host ""first ever"" metaverse fashion week - Dezeen  https://t.co/64p73Dswar",0,0,0,"[]"
"67",2022-04-06 18:16:44,2022-04-06,"Eveline Ruehlin","enilev","https://twitter.com/enilev/status/1511739695536955394","@chidambara09 Thank you dear @chidambara09 Appreciate your great engagementüëç #digitalart #digitalfashion #3D #AR #3Dart #VR #MR #XR #fashiontech #MVFW #metaverse #NFT",0,0,1,"[]"
"68",2022-04-06 12:43:37,2022-04-06,"MetaWear¬Æ","metaweartoken","https://twitter.com/metaweartoken/status/1511655860665307139","Giovanna Graziosi Casimiro, head of #Metaverse Fashion Week (#MVFW), tells #Vogue, ‚ÄúInstead of pitting the two against each other, brands should embrace both spaces and use them to amplify their brand narrative and reach new audiences.‚Äù üíé #NFT #Crypto #Blockchain  @BritishVogue  https://t.co/OCjWZqsgZi",39,145,282,"['https://pbs.twimg.com/media/FPp6s1gWUAQaWni.jpg']"
"69",2022-03-08 16:41:28,2022-03-08,"Parcel","parcelnft","https://twitter.com/ParcelNFT/status/1501221572266311680","Happening today! ‚ú®  Join us tonight in our Space where we‚Äôll be joined by the judges representing @decentraland in the Parcel #MVFW Wearables Competition üëó   Lock it in üîí 9:30PM UTC   https://t.co/n0l36DZ1CY",5,15,82,"[]"
"70",2022-04-05 05:23:21,2022-04-05,"Fang Gang","fanggangnft","https://twitter.com/FangGangNFT/status/1511182676555968512","@chrisdigital It was available during the Metaverse Fashion Week on Decentraland. We should have it up again on another platform pretty soon üëÄ",0,0,3,"[]"
"71",2022-04-20 21:34:57,2022-04-20,"Maryana.ethüá∫üá∏üá∫üá¶","maryanadcl","https://twitter.com/maryanaDCL/status/1516863006965178371","Check out the following article written by  @pelimatos  for Bloomberg Linea regarding the experience at Metaverse Fashion Week. üî•    https://t.co/TzXbolqBcA   @business @BloombergLinea_ @BloombergBrasil @BVerseDCL @nxtTopMetaModel",0,5,7,"[]"
"72",2022-03-18 15:04:02,2022-03-18,"the bitcoin party news feed","bitcoinpartyall","https://twitter.com/bitcoinpartyall/status/1504820928965881860","forbes: rebecca minkoff goes back to the metaverse with an nft collection for crypto fashion week  https://t.co/PF7NvobiWf",0,0,2,"[]"
"73",2022-03-22 02:30:22,2022-03-22,"TRUs - The Rocking Uniquehorns NFT","uniquehorns_nft","https://twitter.com/Uniquehorns_nft/status/1506080815033159692","Woop woop! #TRUBandRoom  Tues: @NftFrost  Wed: @MrSweMusic1  Thurs: @teenybod @DhiDominguez @boonkbots_xyz @AshOrphan  Fri: @youknowtag  Sat: @proximus_regent  Sun: @cammurdochmusic   Plus, it's Metaverse Fashion Week! ü•π  https://t.co/pJGlyglZw9  https://t.co/qtINWmUUIh",1,7,12,"['https://pbs.twimg.com/tweet_video_thumb/FOareQPVQAA31Wh.jpg']"
"74",2022-03-15 22:40:27,2022-03-15,"RichHomie.NFT","richhomienft","https://twitter.com/RichHomieNFT/status/1503848625197051908","In celebration of the Queen Bee collection coming back into the marketplaceüí™  2 lucky winners will win the legendary Queen Bee glasses! my official re-entry for #MVFW competition! @ParcelNFT @decentraland @MetaPartyDCL   1. like and retweet 2. follow me  3. tag 3 friends LFG üî•  https://t.co/312H5mu0w5",129,126,163,"['https://pbs.twimg.com/media/FN6-QrdVcAQmbBT.jpg']"
"75",2022-04-10 16:00:10,2022-04-10,"Bitcoin Suisse","bitcoinsuisseag","https://twitter.com/BitcoinSuisseAG/status/1513154878591442948","METAVERSE FASHION WEEK üëó- The #digitalization of the fashion industry is inevitable with the rising popularity of the #Metaverse, but technological improvements are still required to gain momentum.   https://t.co/6szxBszALk",0,0,1,"[]"
"76",2022-03-05 20:36:19,2022-03-05,"Parcel","parcelnft","https://twitter.com/ParcelNFT/status/1500193509923512327","Your wearable has been waiting for its moment. And its moment is here ü§©  Enter your work of art in the #MVFW Community Wearable Competition by March 10 to win a DCL LAND &amp; 100 MANA! Make sure to tag @ParcelNFT, @decentraland &amp; @MetaPartyDCL.   Details üëâ  https://t.co/Z9omv6eqYA",1,7,19,"[]"
"77",2022-04-25 09:44:37,2022-04-25,"Move78","move78studio","https://twitter.com/move78studio/status/1518496183261478912","Thousands of physical products sold as NFTs  It was fantastic to be part of Metaverse Fashion Week recently with @BosonProtocol  in @decentraland  https://t.co/wtnYZbBEd9",8,13,65,"[]"
"78",2022-03-28 00:15:18,2022-03-28,"CJ TRAX & DJ T-RAX","djtraxnft","https://twitter.com/DJTRAXNFT/status/1508206053221052418","Ready to watch @Grimezsz at the @AUROBOROS_LTD show in @decentraland while wearing my @Forever21 outfit + @JTV____ wings, @MetaPartyDCL wings, and my @PangPoiz MegaArms &lt;3 WAGMI ! Fashion week was incredible! #MVFW #Metaverse #MANA #crypto #web3 #musicNFT #fashionweek #fashion  https://t.co/VSeZogNmMU",0,0,4,"['https://pbs.twimg.com/media/FO45USYVsAIJPcY.jpg']"
"79",2022-03-07 19:34:10,2022-03-07,"Parcel","parcelnft","https://twitter.com/ParcelNFT/status/1500902644981944322","What would you do with one @decentraland LAND? Enter our #MVFW Wearables Competition before March 10 and you could find yourself solving this dilemma sooner than you think üòè   There are also 10 prizes of 100 #MANA up for grabs. Entry details:  https://t.co/Z9omv6eqYA",1,1,9,"[]"
"80",2022-03-10 23:14:11,2022-03-10,"Parcel","parcelnft","https://twitter.com/ParcelNFT/status/1502045177996881920","Our 2nd panel of judges for the @decentraland #MVFW Wearables Comp:  Hailing from NYC &amp; bringing a wealth of experience: - Christine Pomeranz and Cathleen Sheehan (@FIT faculty members) - @saraflteixeira (@exclusible)  How lucky are we to have them? ü§©  https://t.co/6OOBP4XrWz",0,2,12,"['https://pbs.twimg.com/media/FNhVsiaWYAMJEHw.jpg']"
"81",2022-02-25 22:37:03,2022-02-25,"Coinboard","coinboard","https://twitter.com/Coinboard/status/1497324790587166722","Decentraland to Host Metaverse Fashion Week With Tommy Hilfiger, Dolce &amp; Gabbana, Selfridges  https://t.co/IjNzwsOhu0 #Metaverse #Blockchain #Cavalli #Decentraland",0,0,0,"[]"
"82",2022-03-22 08:37:03,2022-03-22,"Metav3rse","metav3rse_","https://twitter.com/metav3rse_/status/1506173091486920710","Tommy Hilfiger to Showcase Spring 2022 Collections and NFT Wearables at Decentraland's Metaverse Fashion Week ‚Äì Metaverse Bitcoin News - Bitcoin News  https://t.co/skP3IWsKgO",0,0,0,"[]"
"83",2022-02-25 17:27:03,2022-02-25,"Virtual Land Broker","alexmomnft","https://twitter.com/AlexMomNFT/status/1497246775589183514"," https://t.co/iUnR6ViW1a &amp; #Decentraland Announce Brands Participating in #Metaverse Fashion Week  https://t.co/SrjmQmIq0O  #opensea  #polygon #TheSandbox #NFTs",0,0,1,"[]"
"84",2022-03-22 08:40:46,2022-03-22,"Hotcoin Global","hotcoinglobal","https://twitter.com/HotcoinGlobal/status/1506174030650425346","Tommy Hilfiger to Showcase Spring 2022 Collections and NFT Wearables at @decentraland 's Metaverse Fashion Week  https://t.co/Vo6XbzyWjW via @BTCTN",1,0,9,"[]"
"85",2022-04-07 13:30:38,2022-04-07,"MetaGameHub DAO","mgh_dao","https://twitter.com/MGH_DAO/status/1512030080805097475","üí´Recap #AMA with @JEANFEIER  Thank you everyone joining in, it was great fun talking with you about metaverses like @TheSandboxGame, @decentraland &amp; #MVFW, @xonexpp, @MuseVerseVR &amp; @Everdome_io.  We visited their website &amp; made comments on the opportunities it brings to #MGH.  https://t.co/pYhiIL0Wlc",0,7,15,"['https://pbs.twimg.com/media/FPvPV51WQAEGYI-.jpg']"
"86",2022-03-16 19:52:12,2022-03-16,"ziziverse","ziziverse","https://twitter.com/ziziverse/status/1504168675397586950","Dolce and Gabbana and other luxury brands will feature in Decentraland‚Äôs first ever Metaverse Fashion Week (March 24-27 2022)  https://t.co/C4ODZ9M8xm",3,15,89,"['https://pbs.twimg.com/tweet_video_thumb/FN_hbqsXoAIiOJ_.jpg']"
"87",2022-03-27 20:36:20,2022-03-27,"Crypto-Gucci.eth ·µç·µêü¶áüîä","cryptogucci","https://twitter.com/CryptoGucci/status/1508150946051764226","8/  @Cooopahtroopa drops new This Week in Music NFTs @ChimpersNFT auction for Kaze sold to @todayodious for 25.4Œû @escapeplanbayc signs with @WME for all bookings Tommy Hilfiger showcases Spring 2022 Collections/NFT Wearables at ‚Å¶@decentraland‚Å©‚Äôs Metaverse Fashion Week",1,0,5,"[]"
"88",2022-03-27 18:28:55,2022-03-27,"Danit Peleg ‚åê‚ó®-‚ó®","danitpeleg3d","https://twitter.com/danitpeleg3d/status/1508118881570897927","DANIT PELEG x NOUNS   Metaverse Fashion Week 2022 (#MVFW)  Soon in physical form, 3D-printed. Funded by @nounsdao. Powered by CC0. ‚åê‚ó®-‚ó®  https://t.co/b7TAiiag8P",7,12,50,"[]"
"89",2022-03-04 13:03:30,2022-03-04,"Universelle ‚ú®","universelle_io","https://twitter.com/Universelle_io/status/1499717165922009102","""Le Papillon Noir""  2¬∫ wearable for @decentraland  made by @FabeeoBreen for ""Le Papillon"" collection.   üåüHelp us to reach the #MVFW üåü  https://t.co/8nKvHoRyFy",0,7,17,"['https://pbs.twimg.com/media/FNAPMmHWYAE-UoL.jpg']"
"90",2022-04-10 04:50:48,2022-04-10,"Crypto Farting","cryptofarting","https://twitter.com/CryptoFarting/status/1512986424152363016","The first-ever Metaverse Fashion Week: Digital fashion is here to stay  The digitalization of the fashion industry is inevitable with the rising popularity of the Metaverse, but technological improvements are still required to gain momentum.  This articl‚Ä¶  https://t.co/9YwXfbZ6kM  https://t.co/X6H4Gu5ROb",0,0,0,"['https://pbs.twimg.com/media/FP81IpiXEAUS1GS.jpg']"
"91",2022-04-06 14:51:11,2022-04-06,"jasonsummers.nft","jscoincollector","https://twitter.com/JsCoincollector/status/1511687965273112579","Better late than never, they say. Looking at some awesome collections by @vinxxchen at @DragonCityIO. Very inspiring ü•∞   Come and check it out:  https://t.co/EbN7I4iYUr  #MVFW #Decentraland #DCL #Metaverse #NFTFashion #Wearables  https://t.co/Kivb5VfXNm",0,4,14,"['https://pbs.twimg.com/media/FPqWlc-WYAMBFnH.jpg', 'https://pbs.twimg.com/media/FPqWlc4XoAQfjI6.jpg', 'https://pbs.twimg.com/media/FPqWlc5XIAIJgic.jpg', 'https://pbs.twimg.com/media/FPqWlc8XoAAthxT.jpg']"
"92",2022-03-26 23:05:34,2022-03-26,"Decentral Games","decentralgames","https://twitter.com/DecentralGames/status/1507841212463689732","Join us at DOLLHOUSE w/ @DCLBabyDolls for an EPIC Metaverse Fashion Week Afterparty, featuring a performance by @iamPLVTINUM @ 11pm EST!üíÉüíé  üëâRSVP:  https://t.co/gKSfE0XKOv  https://t.co/7Rn7mO4BEo",3,8,20,"['https://pbs.twimg.com/media/FOzsiM_WUAYN2E_.jpg']"
"93",2022-03-02 20:41:28,2022-03-02,"Kelly Ann Collins","itskac","https://twitter.com/itskac/status/1499107639762079744","To celebrate the amazing work of @Decentraland‚Äôs creator community, @ParcelNFT partnered with @MetaPartyDCL to showcase top independent wearable designers at #Metaverse #FashionWeek.    https://t.co/VY9dFosRQW #MVFW   2/3  https://t.co/7Eck4RBIBj",1,0,4,"['https://pbs.twimg.com/tweet_video_thumb/FM3mc0YX0AECV3p.jpg']"
"94",2022-03-21 21:08:11,2022-03-21,"Crypto&NFT&Metaverse NEWS","additionalrules","https://twitter.com/additionalrules/status/1505999736154718209","News about Metaverse  TitleÔºöWhat to Know About the First Metaverse Fashion Week - Papermag    https://t.co/9yUiOAqqzn  #Metaverse #meta #crypto #BTC #bitcoin",1,0,0,"[]"
"95",2022-03-27 12:57:35,2022-03-27,"AltCoin-Delete","altcoindelete","https://twitter.com/AltcoinDelete/status/1508035499650338816","The metaverse continues to infiltrate the high-end fashion industry, with Decentraland.  #Metaverse #decentraland #FashionWeek #MetaverseNFT  Follow More Daily Updates on Everything Crypto, NFT &amp; Meteaverse üé®ü™ôüöÄüìàü•Ω  https://t.co/hCIUe07Vxb",0,1,3,"[]"
"96",2022-03-26 17:34:56,2022-03-26,"Astrid, NFTCreatorTours","nftcreatortours","https://twitter.com/NFTCreatortours/status/1507758008075530245","There are 3 NFT projects near and dear to my heart in @MetaFashionH  Two of them are in this photo! The 3rd is somewhere on one of our floorsüòç Can anyone guess?  First right answer for each gets a wearable from one of our boutiques! #MVFW  https://t.co/J6yFw7tpp8  https://t.co/Ffww9v8nLR",6,0,15,"['https://pbs.twimg.com/media/FOye6RhWUAg8kzl.jpg']"
"97",2022-02-26 08:34:20,2022-02-26,"CoinsCapture","coinscapture","https://twitter.com/CoinsCapture/status/1497475100257312770","News :Decentraland to Host 4-Day Metaverse Fashion Week.  The Blockchain-based virtual world Decentraland will be launching a 4-Day Metaverse Fashion Week at the...  Read more :  https://t.co/HV2wmv0jGV #Decentraland #Metaverse #Blockchain #MANA  #VirtualWorlds  https://t.co/j5iYCJFtEP",0,0,4,"['https://pbs.twimg.com/media/FMgZfFsUUAUwK5B.jpg']"
"98",2022-03-22 14:48:33,2022-03-22,"Crypto Content","cryptocontent2","https://twitter.com/CryptoContent2/status/1506266583278227457","Tommy Hilfiger to Showcase Spring 2022 Collections and NFT Wearables at Decentraland‚Äôs Metaverse Fashion¬†Week  https://t.co/eb5UO7BRzj",0,0,0,"[]"
"99",2022-03-27 18:30:50,2022-03-27,"Renovi","renovinft","https://twitter.com/RenoviNFT/status/1508119364431663112","Are you enjoying Decentraland Fashion Week? Come and take a look at what we‚Äôve created for Phygicod &amp; WyldFlwr #Decentraland #Metaverse #Nft  https://t.co/qAIwvayKPt",0,3,17,"['https://pbs.twimg.com/media/FO3qhggWQAkKswL.jpg']"
"100",2022-02-28 20:23:06,2022-02-28,"XPOZD","xpozd_io","https://twitter.com/xpozd_io/status/1498378242612334593","@Wire_lyss @C_01_Project Looks amazing! We‚Äôre excited to be in #mvfw as well.",0,0,0,"[]"
"101",2022-03-26 18:40:05,2022-03-26,"NFT Clothing Club","nftclothingclub","https://twitter.com/NFTClothingClub/status/1507774402477400066","Here's How Nicholas Kirkwood Remade One of His Classic Shoes for Metaverse Fashion Week    https://t.co/KImK2k7gVz  #Metaverse #NFTs #Fashion #FashionWeek",0,1,2,"[]"
"102",2022-03-22 16:03:54,2022-03-22,"8SIAN","8siannft","https://twitter.com/8sianNFT/status/1506285548025303044","‚ÑπÔ∏è It is FREE to open a @decentraland account &amp; receive a default avatar! ‚ÑπÔ∏è Once created you will be able to receive all 8SIAN &amp; Collab Partners' digital wearable airdrops you are eligible for. Get ready for MVFW 24 Mar 2022!  More info:  https://t.co/LAsnT6buFi #metaverse #nft  https://t.co/1pArwImCji",7,19,70,"[]"
"103",2022-03-26 20:30:26,2022-03-26,"Quiksilver","0xquiksilver","https://twitter.com/0xQuiksilver/status/1507802173404594177","Dancing with @steveaoki in the #MVFW  @decentraland @DCL_Events @exclusible @HoganBrand  https://t.co/PWAxeZnJ7E",0,0,2,"['https://pbs.twimg.com/media/FOzJz69XwAYNsra.png']"
"104",2022-04-13 10:02:41,2022-04-13,"Bitpanda","bitpanda","https://twitter.com/bitpanda/status/1514152078414958592","This week, we are doing an easter egg hunt to give away $BEST and $PAN merch! Also, the metaverse has been busy having a fashion week. Check out the new #BitpandaRecap with our very own @davidrjackson11 to find out even more!  What did we miss? üëá   https://t.co/malVNSYtSl",51,21,117,"[]"
"105",2022-04-12 15:00:01,2022-04-12,"ALTAVA","altavagroup","https://twitter.com/altavagroup/status/1513864515015757828","üèÜ Winners for the Week 1 slogan event by FashionistasüèÜ  1st: ALTAVA, alternative way to be yourself by   @SmGkbyrk 2nd: ALTAVA - An Era of Fashion in Metaverse by  @Abhinav45072284 3rd: Second Skin, Second Life by JOESIN | ALTAVA  Congratulations! Winners please find our DMs!",11,13,69,"[]"
"106",2022-04-25 19:00:01,2022-04-25,"NFTxROADS - The NFT event in Spain","nftxroad","https://twitter.com/NFTxROAD/status/1518635954814308352","üí• @ggcasimiro_ has arrived to Valenciaüí•  She's super excited to talk about the Metaverse Fashion Week!  Join us and don't miss the chance to meet the @decentraland team and enjoy a paella at the same time!  üéü TICKETS --&gt;  https://t.co/jS7prAYDlh  #NFTs #Metaverse #NFTCommunity  https://t.co/E8d3KYk1am",11,23,69,"[]"
"107",2022-03-27 18:08:45,2022-03-27,"Anti Secret Society","antisecretsoci2","https://twitter.com/Antisecretsoci2/status/1508113804974084103","Between event and event of the #MVFW I have gone to my gallery to fix my music device. Friends of RAVE MUSIC! @FabeeoBreen x @makelismosbrand  #decentraland #metaverse #nfts #wearables  https://t.co/2GGaFaq0pL",1,1,9,"['https://pbs.twimg.com/media/FO3lYFwWQAEuKVu.jpg']"
"108",2022-03-17 16:16:41,2022-03-17,"ARTISANT Starsign on the website","artisantnft","https://twitter.com/artisantnft/status/1504476824755060744","We are happy to announce that @reginaturbina will take part in @decentraland Metaverse Fashion Week with Wedding: Upcycled collection powered by @PUMA and @artisantnft.   This epic drop coming to @rarible soon! #MVFW  https://t.co/1FxaBCYNR2",21,21,115,"['https://pbs.twimg.com/media/FOD5sUTVEAMcCOa.jpg']"
"109",2022-03-26 23:21:12,2022-03-26,"MetaModelAgency","metamodelagency","https://twitter.com/MetaModelAgency/status/1507845150608928768","@DCLBabyDolls walking at the @MetaPartyDCL venue (2,16) sponsered by @ParcelNFT  #MVFW üî•üï∫  https://t.co/UA4EIUvHC0",0,0,0,"['https://pbs.twimg.com/media/FOzwFcqXsAQyTDW.jpg']"
"110",2022-04-07 21:33:22,2022-04-07,"paraibanft","paraibanft","https://twitter.com/paraibanft/status/1512151565964042253","@arcade_nfts this is the top dragon model of metaverse fashion week.",0,0,0,"[]"
"111",2022-03-22 18:38:33,2022-03-22,"NFT Marketing Partners","partnersnft","https://twitter.com/PartnersNFT/status/1506324464224522242","What to Know About Decentraland's Metaverse Fashion Week - WWD  https://t.co/4CUZzMX7oA",0,0,0,"[]"
"112",2022-03-22 19:37:21,2022-03-22,"Tangpoko","tangpoko","https://twitter.com/tangpoko/status/1506339263171883010","YES! Finally some REAL information about #MVFW .. and what's this? An events schedule? #Decentraland @DCLBabyDolls   https://t.co/FeVZEHqX5J  https://t.co/tUOTLnzh3I",2,4,13,"['https://pbs.twimg.com/media/FOeXLPFVQAESPfB.png', 'https://pbs.twimg.com/media/FOeXOv8VQAECrCH.png']"
"113",2022-03-22 03:45:08,2022-03-22,"ManaDaiquiri","manadaiquiridcl","https://twitter.com/ManaDaiquiriDCL/status/1506099632266428420","What a way to start the Week with @MoMamiMusic!!  Thanks to the @DCLBabyDolls for the eventü•∞  #MVFW  #InternationalWomensMonth  https://t.co/akFkDRm1Fj",2,5,19,"['https://pbs.twimg.com/media/FOa3eYlXEAMzfTJ.jpg', 'https://pbs.twimg.com/media/FOa3f_cWQAIs8-c.jpg', 'https://pbs.twimg.com/media/FOa9SvYXoAUygox.jpg']"
"114",2022-03-26 22:27:03,2022-03-26,"MetaModelAgency","metamodelagency","https://twitter.com/MetaModelAgency/status/1507831521339752452","BREAKING: @DJTRAXNFT The first DJ to play Cha Cha Slide in the Metaverse.  #MVFW  https://t.co/C2x6Z2yuFK",0,0,1,"['https://pbs.twimg.com/media/FOzkcoaWQAI4zuL.jpg']"
"115",2022-03-26 18:28:06,2022-03-26,"Parcel","parcelnft","https://twitter.com/ParcelNFT/status/1507771389037715456","Day 3 of @decentraland #MVFW (already?!?). Join us at the Community Precinct (2,16) @ 8pm (UTC)/4pm (EST) to celebrate the winners of the Wearables Contest strut down the catwalk! Still got questions? Ping our discord for rapid fire replies üî•",0,4,16,"[]"
"116",2022-03-27 20:44:24,2022-03-27,"Anti Secret Society","antisecretsoci2","https://twitter.com/Antisecretsoci2/status/1508152975428042754","The legendary @philipp_plein at @decentraland üí• in collaboration with @PortionApp üëè @KASEENO @vaciceva  4th day of #MVFW  https://t.co/lXWE6lrGZ2",0,2,9,"['https://pbs.twimg.com/media/FO4I_mAWUBAyDzH.jpg', 'https://pbs.twimg.com/media/FO4I_mAXoAMv91T.jpg']"
"117",2022-03-27 13:23:16,2022-03-27,"Across the Metaverse","acrossmetaverse","https://twitter.com/AcrossMetaverse/status/1508041963496423425","Fashion week, not in Paris, not in London, in @decentraland  #Metaverse   #MetaverseFashionWeek #MetaverseNews",0,0,3,"[]"
"118",2022-03-09 13:03:46,2022-03-09,"Cattos Applying Tyrannyüòº","cattos_nft","https://twitter.com/Cattos_NFT/status/1501529173596438528","Dress like you‚Äôre already famous ‚ú®  Make me famous! Meow~ #FashionWeek   üëâJoin the Catto Fam:  https://t.co/zUudPsuPu1   #Metaverse #NFTProject #NFTCommmunity #Polygon #PolygonNFT #NFTCommunity #NFTGiveaway #AnimeNFT #NFT #SneakPeak #GameFi #NFTcollections  https://t.co/rDP3vG21Hf",1,0,9,"['https://pbs.twimg.com/media/FNaA0l4acAM-W_d.jpg']"
"119",2022-03-22 14:27:50,2022-03-22,"The Crypto Times","cryptotimes_io","https://twitter.com/CryptoTimes_io/status/1506261370870054918",".@TommyHilfiger is coming with its spring 2022 collection linked with #NFTs in the #Metaverse Fashion Week on @decentraland with its virtual store.  #TommyHilfiger #Decentraland #NFTcommunity    https://t.co/uDrlwX3lkv",1,0,2,"[]"
"120",2022-03-22 11:28:09,2022-03-22,"8SIAN","8siannft","https://twitter.com/8sianNFT/status/1506216153441783808","Join @8sianmom in 30mins on this Twitter Space with @Deadfellaz @dressxcom @therebelsnft for a conversation about the upcoming Metaverse Fashion Week by @BosonProtocol   #8SIAN #8SIAN1ETH    https://t.co/iFiKZNt6cl  https://t.co/BmNLFq2Jtq",4,21,68,"['https://pbs.twimg.com/media/FOcnmu2aIAAIdC5.jpg']"
"121",2022-04-21 16:25:28,2022-04-21,"Metaverse Insider","metav_insider","https://twitter.com/Metav_Insider/status/1517147508907995136","Dr. Giovanna Graziosi Casimiro  was the head of the @decentraland fashion week üöÄ  üî∫She is an expert in digital production  üî∫And the community/events producer at Decentraland  üî∫We interviewed Giovanna at the @NFCsummit üëá   https://t.co/cYD46eKjJw  #Metaverse #Web3 #Blockchain",0,0,0,"[]"
"122",2022-02-26 10:41:29,2022-02-26,"Get 2 Know Crypto","get2knocrypto","https://twitter.com/Get2KnoCrypto/status/1497507097948393475","Decentraland to Host Metaverse Fashion Week With Tommy Hilfiger, Dolce &amp;#038; Gabbana, Selfridges   - Latest #Crypto News from #G2KC - Follow for News and Giveaways!  https://t.co/0Typ1UleHs",1,0,0,"[]"
"123",2022-03-23 00:35:01,2022-03-23,"DAFO.club","metadafo","https://twitter.com/metaDAFO/status/1506414172380307463","Ready! #MVFW",0,0,0,"[]"
"124",2022-04-10 07:15:31,2022-04-10,"Crypto Trader Pro üá∫üá∏","cryptotraderpro","https://twitter.com/CryptoTraderPro/status/1513022846913560577","Crypto Panic: The first-ever Metaverse Fashion Week: Digital fashion is here to stay  https://t.co/QTPT9wfMqZ üôã Bet with $BTC via ‚ü∂  https://t.co/4h0cyuWSHk ‚àö",0,0,1,"[]"
"125",2022-03-06 01:00:36,2022-03-06,"Survive | P2E","survive_p2e","https://twitter.com/Survive_P2E/status/1500260016707850242","This week in the metaverse: VR fashion, Walking Dead NFTs &amp; American Eagle's Roblox party... ü§ë   https://t.co/0lYUJ1qYxO",10,31,49,"[]"
"126",2022-03-26 19:33:14,2022-03-26,"@RedSageCrypto","redsagecrypto","https://twitter.com/redsagecrypto/status/1507787778205102082","Decentraland fashion week - Day 3 - Fresh Couture:   #Decentraland #NFT #NFTs #wearables #Metaverse    https://t.co/8qc5WCGDu7",1,0,2,"[]"
"127",2022-04-11 16:00:02,2022-04-11,"METAclaims","metaclaims","https://twitter.com/metaclaims/status/1513517230092283907","NFT Emotes are Coming to Decentraland‚ÄîGet the First Ones at MVFW!  https://t.co/ZEDHgODSQy via @TodayNFT #articleshare #NFTCommunity",0,0,0,"[]"
"128",2022-03-04 18:55:56,2022-03-04,"cryptolandlords","cryptolandlords","https://twitter.com/cryptolandlords/status/1499805860368949249","The blockchain-based virtual world Decentraland has announced the launch of a Metaverse Fashion Week that is scheduled to take place on March 24 ‚Äì 27, 2022. --- üåê  https://t.co/mEJk8jl23D . #cryptolandlords #mediaplatform #latestnews #trends #metaverse #crypto #virtualrealestate  https://t.co/ci5jU9iS53",0,2,1,"['https://pbs.twimg.com/media/FNBhdv8XEAg_VEp.jpg']"
"129",2022-03-21 17:46:12,2022-03-21,"MadamApe.eth üñ§","madamape","https://twitter.com/MadamApe/status/1505948902469652480","So you think you're ready to see our girls walk the runway? üôä Let's find out. ‚ù§Ô∏è‚Äçüî•  Metaverse Fashion Week March 24-27  https://t.co/U2Ik40rRCV  #MadamApe #gigis #pfpFashion #newprofilepic #MVFW #Gossapegirls  https://t.co/aqMLwp4hkj",4,19,61,"['https://pbs.twimg.com/media/FOY0A8VXsAcXloA.jpg']"
"130",2022-03-01 03:15:14,2022-03-01,"Crypto News üá¶üá∫","cryptonews_aus","https://twitter.com/cryptonews_aus/status/1498481959139430406","Decentraland to Host World‚Äôs First Metaverse Fashion Week   https://t.co/D1CVay7SYF #CryptoNews #Metaverse #Decentraland #NFTs #Fashion",0,1,6,"[]"
"131",2022-03-14 15:06:44,2022-03-14,"Parcel","parcelnft","https://twitter.com/ParcelNFT/status/1503372055949062150","Today's Twitter Spaces kicks off at 15:30 UTC with @decentraland #MVFW Wearables Competition judges¬†@taothomsen and @christinems_ from @VICE. Tune in for unique insights on #digitalfashion and creativity in the metaverse   https://t.co/9Qmyr7BGHB",0,5,10,"[]"
"132",2022-04-07 15:17:08,2022-04-07,"Crypto Scoop","cryptscp","https://twitter.com/cryptscp/status/1512056882889777156","Susie Lau logs into the bizarre realms of Metaverse Fashion Week - Evening Standard  https://t.co/etHfWWjwRC Buy BTC:  https://t.co/NvvKJPmPAy #metaverse #crypto #nft #virtual #vr #game  https://t.co/WtLajwBjAO",0,0,1,"['https://pbs.twimg.com/media/FPvnuN3VkAs5zgC.jpg']"
"133",2022-02-26 19:02:19,2022-02-26,"Crypto&NFT&Metaverse NEWS","additionalrules","https://twitter.com/additionalrules/status/1497633138696409088","News about Metaverse  TitleÔºöDolce &amp; Gabbana embrace the metaverse at Milan fashion week - The Guardian    https://t.co/Vov0ENZBOn  #Metaverse #meta #crypto #BTC #bitcoin",0,0,2,"[]"
"134",2022-03-03 02:08:25,2022-03-03,"PEDRO GUEZ","pedroguez__","https://twitter.com/pedroguez__/status/1499189921008918528","Thank you all for sharing your amazing Fashion #NFTs co-created on @the_fab_ric_ant Studio Season 01. Will share soon!  Tss‚Ä¶ Did you know your digital garment might be part of #MVFW on #Decentraland? Join The Fabricant‚Äôs Discord for more info:  https://t.co/iHeXWZVSOd",1,3,11,"[]"
"135",2022-04-08 00:18:47,2022-04-08,"CryptoNewz","cryptonewz4","https://twitter.com/CryptoNewz4/status/1512193193122615299","What's in the Metaverse Fashion Week?   https://t.co/U0d5eiQN2S   #Bitcoin",0,0,0,"[]"
"136",2022-04-04 18:08:20,2022-04-04,"MetaH0dler","metah0dler","https://twitter.com/MetaH0dler/status/1511012803620098051","On today‚Äôs episode we‚Äôre talking about Floyd Mayweather Launches ‚ÄúMayweverse‚Äù, His Own NFT and Metaverse, World Of Women Galaxy NFT Sold Out   https://t.co/J8MklZ2mtx  #tommyhilfiger #nfts #crypto #metaverse #fashion #fashionweek #beeple #djdiplo #wow #wowgalaxy #generousrobots  https://t.co/FJqv5pOb1m",1,0,1,"['https://pbs.twimg.com/media/FPgyIvcXIAADyom.jpg']"
"137",2022-02-23 12:28:59,2022-02-23,"padawoshum.crypto","padawoshum_nft","https://twitter.com/padawoshum_NFT/status/1496446988887506944","The future is happening now üîÆüíï #metaverse commerce. üëè@BosonProtocol  üòç The very important bridge between virtual &amp; real worlds. #nftfashion #NFTcommunity Do Not Miss It üîî Metaverse Fashion Week!",0,1,8,"[]"
"138",2022-04-07 16:46:37,2022-04-07,"Metaverse AI üåê Ó®Ä","metaverseorg","https://twitter.com/metaverseOrg/status/1512079402720395278","Excited to promote metaverse fashionüë©üèº‚Äçüé§ @decentraland Metaverse FashionWeek w/ @7heywave  @cyberhuman001  @PalaceMuseum_ 600-years old World Heritage Site and NFT/metaverse amplify culture üåü.  ‚úÖ Join us  https://t.co/wwFiDhgQWr  #metaverse #nft #web3 #ai  https://t.co/xq03elkfla",23,31,51,"[]"
"139",2022-03-06 07:58:53,2022-03-06,"Bitcoin News Post","bitcoinnewspost","https://twitter.com/BitcoinNewsPost/status/1500365281839001603","Decentraland to Host Metaverse Fashion Week With Tommy Hilfiger, Dolce &amp; Gabbana, #Bitcoin #News  https://t.co/aQ2GkeI8k8 #bitcoinnews",0,0,0,"[]"
"140",2022-03-27 08:02:22,2022-03-27,"ManaDaiquiri","manadaiquiridcl","https://twitter.com/ManaDaiquiriDCL/status/1507961204219817984","From the #MVFW Venue, then to two different parties and a bikini after-party on top! Packed DollHouse, packed evening, and packed Week ‚ù§Ô∏è‚Äçüî•ü•≥  @nftbubblegum With our gums and glasses like on a Crypto Chicksüòç  https://t.co/u2jT6hhcia",1,3,20,"['https://pbs.twimg.com/media/FO1auNYXoAQ_hlf.jpg', 'https://pbs.twimg.com/media/FO1auNkXEAEnwCJ.jpg', 'https://pbs.twimg.com/media/FO1auNkXIAUU0Iv.jpg']"
"141",2022-03-10 21:52:14,2022-03-10,"CJ TRAX & DJ T-RAX","djtraxnft","https://twitter.com/DJTRAXNFT/status/1502024551508578318","Been spending a lot of time in the Metaverse the last few months, the support has been unbelievable ! #NFT #FashionWeek #MusicNFT #NFTMusic @JacobQuiton @innkeeperdoteth #Metaverse @decentraland  https://t.co/F0oc6NHsy2",1,1,9,"['https://pbs.twimg.com/media/FNhC_lSVkBIuMNW.jpg']"
"142",2022-04-07 08:08:40,2022-04-07,"Crypto Culture","realcryptohippy","https://twitter.com/realcryptohippy/status/1511949056993497093","Exciting event #Metaverse FASHION week, digital wearables by @BritishVogue  Are you in on a trend of @metaweartoken?    Don't miss out!  Should be lit! üî•üî•üî•",4,33,45,"[]"
"143",2022-03-03 18:01:23,2022-03-03,"Universelle ‚ú®","universelle_io","https://twitter.com/Universelle_io/status/1499429745200701443","""Le Papillon"" is evolving to something bigger...   Let's get this collection into the #MVFW üöÄ  https://t.co/RUqoYhbfRs",1,3,14,"['https://pbs.twimg.com/media/FM8K03KXwAgYEBO.jpg']"
"144",2022-03-27 04:55:58,2022-03-27,"The NFT Unicorn | NFT News","thenftunicorn","https://twitter.com/TheNFTUnicorn/status/1507914297430745092","Est√©e Lauder to Offer Free Skin Serum NFT at Metaverse Fashion Week    https://t.co/tNC1mCIgAY  #NFTNews #TheNFTUnicorn #NFTs #NFT #NFTdrop #NFTCommunity",0,0,0,"[]"
"145",2022-03-26 17:10:22,2022-03-26,"CJ TRAX & DJ T-RAX","djtraxnft","https://twitter.com/DJTRAXNFT/status/1507751825369276422","My DJ live stream setup for streaming into Metaverse Fashion Week @decentraland for #MVFW @PioneerDJglobal @Dell @HP @SennheiserUSA @Sony @NickyDiamonds @YamahaMusicUSA @MetaPartyDCL  https://t.co/ekFDQQ8BJM",1,0,17,"['https://pbs.twimg.com/media/FOycSueVIAcGGoM.jpg', 'https://pbs.twimg.com/media/FOycSueUcAATbxb.jpg']"
"146",2022-03-27 00:06:42,2022-03-27,"Crypto_Owl00 üè¥ (üíô,üß°)","owl_crypto00","https://twitter.com/Owl_crypto00/status/1507856598487625730","Its Fashion week so thought i'd go shopping üõçÔ∏èüòç@decentraland  @FabeeoBreen @harrisonfirst @Java_23_  #MVFW  https://t.co/XgbGnpivKU",2,1,13,"['https://pbs.twimg.com/media/FOz6kaxVsAIeXu4.jpg']"
"147",2022-03-20 16:04:09,2022-03-20,"ARTISANT Starsign on the website","artisantnft","https://twitter.com/artisantnft/status/1505560832591212544","1/We are happy to announce that @reginaturbina will take part in @decentraland Digital Fashion Week with Wedding: Upcycled collection powered by @puma and @artisantnft #MVFW   üîóMore info:  https://t.co/dzEvTGksIw  https://t.co/09hYxGU37K",1,4,16,"[]"
"148",2022-03-26 19:31:06,2022-03-26,"ShowMeTheMonkey","metakbytes","https://twitter.com/metakbytes/status/1507787243695624192","I #findingsophiatherobot at the Catwalk in #Decentraland #MVFW  https://t.co/n6dP4AZclR",0,0,0,"['https://pbs.twimg.com/media/FOy8fHzXsA4qJtr.jpg']"
"149",2022-03-26 19:16:59,2022-03-26,"Metafox Crew ü¶ä","metafoxcrew","https://twitter.com/MetafoxCrew/status/1507783690012737549","The #MetafoxCrew is growing in #decentraland üòçü¶äü¶ä  Misterious pack member, COME OUT! Leave a comment, @easy5533 wants to party with you! üî•üî•üî•   Join our discord and let's have fun together  https://t.co/LNmedgFDl5 üôå  #MVFW #MVFW22 #metaverse #MetaverseFashionWeek #nft #nfts",2,1,4,"[]"
"150",2022-03-11 09:03:25,2022-03-11,"Project Media","projectmediahq","https://twitter.com/ProjectMediaHQ/status/1502193462623436801","üíÉ#7HEYWAVE and the Palace Cathy View jointly launched a virtual fashion collection on the international stage, becoming the first new wave of Chinese aesthetic brand to appear on #Decentraland #MVFW.   üìç#Dragon City @DragonCityI0, #Decentraland  https://t.co/LvpyKwEPLi",1,2,4,"['https://pbs.twimg.com/media/FNjXVYXUUAENN1A.png']"
