Datetime,Conversation ID,Tweet ID,Text,Likes,Retweets,Replies,Media,Username,User Description,User Image
2022-04-26 19:30:31+00:00,1519036219644014592,1519036219644014592,"Discover #mvfw Street Style in #Decentraland ğŸ‘ ğŸ‘šğŸ–¥ğŸ“¡ 

Our very own @LuckyGa74882673 takes us on a curated journey of fun and unique #VR ready fashion with some of the coolest avatars. Check out our dedicated thread now live on our feed. 
#fashionotes https://t.co/CtydumdjOK",1,0,0,"[Photo(previewUrl='https://pbs.twimg.com/media/FRSzZGSVUAAeiJk?format=jpg&name=small', fullUrl='https://pbs.twimg.com/media/FRSzZGSVUAAeiJk?format=jpg&name=large')]",fashionotes,ğ”…ğ”²ğ”¦ğ”©ğ”¡ğ”¦ğ”«ğ”¤ ğ”±ğ”¥ğ”¢ ğ”‰ğ”²ğ”±ğ”²ğ”¯ğ”¢ ğ”¬ğ”£ ğ”‰ğ”ğ”°ğ”¥ğ”¦ğ”¬ğ”« ğ”–ğ”¦ğ”«ğ” ğ”¢ ğ”ğ”ğ”› ğŸ”®  ğ““ğ“®ğ“¬ğ“®ğ“·ğ“½ğ“»ğ“ªğ“µğ“²ğ”ƒğ“®ğ“­ ğ“•ğ“ªğ“¼ğ“±ğ“²ğ“¸ğ“· ğ“˜ğ“¬ğ“¸ğ“· ğŸ’–ğŸ’§âœ¨,https://pbs.twimg.com/profile_images/1496959906980810760/AjWJalzB_normal.jpg
2022-04-26 18:53:07+00:00,1519026791364456453,1519026805620965376,"Below, are some of the most impressive street styles looks spotted at MVFW. https://t.co/aQu931Aukq",1,0,1,"[Photo(previewUrl='https://pbs.twimg.com/media/FRSm1hwVEAAtitM?format=jpg&name=small', fullUrl='https://pbs.twimg.com/media/FRSm1hwVEAAtitM?format=jpg&name=large')]",fashionotes,ğ”…ğ”²ğ”¦ğ”©ğ”¡ğ”¦ğ”«ğ”¤ ğ”±ğ”¥ğ”¢ ğ”‰ğ”²ğ”±ğ”²ğ”¯ğ”¢ ğ”¬ğ”£ ğ”‰ğ”ğ”°ğ”¥ğ”¦ğ”¬ğ”« ğ”–ğ”¦ğ”«ğ” ğ”¢ ğ”ğ”ğ”› ğŸ”®  ğ““ğ“®ğ“¬ğ“®ğ“·ğ“½ğ“»ğ“ªğ“µğ“²ğ”ƒğ“®ğ“­ ğ“•ğ“ªğ“¼ğ“±ğ“²ğ“¸ğ“· ğ“˜ğ“¬ğ“¸ğ“· ğŸ’–ğŸ’§âœ¨,https://pbs.twimg.com/profile_images/1496959906980810760/AjWJalzB_normal.jpg
2022-04-26 18:53:04+00:00,1519026791364456453,1519026792991916032,"If you missed MVFW, there is no need to worry because we have you covered. While the first-ever VR fashion show was happening in the metaverse, there was another street style fashion show in the streets of Decentraland.",1,0,1,,fashionotes,ğ”…ğ”²ğ”¦ğ”©ğ”¡ğ”¦ğ”«ğ”¤ ğ”±ğ”¥ğ”¢ ğ”‰ğ”²ğ”±ğ”²ğ”¯ğ”¢ ğ”¬ğ”£ ğ”‰ğ”ğ”°ğ”¥ğ”¦ğ”¬ğ”« ğ”–ğ”¦ğ”«ğ” ğ”¢ ğ”ğ”ğ”› ğŸ”®  ğ““ğ“®ğ“¬ğ“®ğ“·ğ“½ğ“»ğ“ªğ“µğ“²ğ”ƒğ“®ğ“­ ğ“•ğ“ªğ“¼ğ“±ğ“²ğ“¸ğ“· ğ“˜ğ“¬ğ“¸ğ“· ğŸ’–ğŸ’§âœ¨,https://pbs.twimg.com/profile_images/1496959906980810760/AjWJalzB_normal.jpg
2022-04-26 18:53:03+00:00,1519026791364456453,1519026791364456453,"Let's chat about #MVFW Street Style ğŸ‘¡ğŸ§¥ğŸ¥»in #Decentraland 
ğŸ“¸ David Cash https://t.co/y65ERlRL63",1,1,1,"[Photo(previewUrl='https://pbs.twimg.com/media/FRSlvBnUcAAyXNT?format=jpg&name=small', fullUrl='https://pbs.twimg.com/media/FRSlvBnUcAAyXNT?format=jpg&name=large')]",fashionotes,ğ”…ğ”²ğ”¦ğ”©ğ”¡ğ”¦ğ”«ğ”¤ ğ”±ğ”¥ğ”¢ ğ”‰ğ”²ğ”±ğ”²ğ”¯ğ”¢ ğ”¬ğ”£ ğ”‰ğ”ğ”°ğ”¥ğ”¦ğ”¬ğ”« ğ”–ğ”¦ğ”«ğ” ğ”¢ ğ”ğ”ğ”› ğŸ”®  ğ““ğ“®ğ“¬ğ“®ğ“·ğ“½ğ“»ğ“ªğ“µğ“²ğ”ƒğ“®ğ“­ ğ“•ğ“ªğ“¼ğ“±ğ“²ğ“¸ğ“· ğ“˜ğ“¬ğ“¸ğ“· ğŸ’–ğŸ’§âœ¨,https://pbs.twimg.com/profile_images/1496959906980810760/AjWJalzB_normal.jpg
2022-04-26 17:50:33+00:00,1519011061550264321,1519011061550264321,"Did someone say metaverse catwalk, with actual cats?

#metaversefashionweek #mvfw
https://t.co/4dflCyrYAQ",0,0,0,,wise_not_wise,"The Future Think Tank | Arts & Entertainment 
#wisenotwise | May 19-20 2022  | House of Music & Urban Spree | Berlin
jemi.so/wisenotwise",https://pbs.twimg.com/profile_images/1491069164974452737/Q_QB483W_normal.jpg
2022-04-26 15:22:12+00:00,1518808366650433536,1518973726129152000,"@Agness_Cuck KAWAII!! Isn't this a @ShopCider dress? If so - you could buy it IRL too w/ $ETH via @BosonProtocol during MVFW. Not sure if it's still live, but I would love to know how the experience is of purchasing phygital! I was out of town that weekend so missed out majorly!",1,0,0,,JewDontKnow,It's all in the mind you know... ğŸ§ ğŸ’œğŸ’¡âœ¨ğŸ’« | #decentraland #web3 #licensing #brands #consumerproducts #retail #fashion #music #nfts #cats #pilates #technology,https://pbs.twimg.com/profile_images/1540451092135153664/HzK49sZ2_normal.jpg
2022-04-26 12:20:17+00:00,1518927948048482304,1518927948048482304,flashback from MVFW afterparty @decentraland. check out the gallery from the ROLE PLAY drop in the comments https://t.co/R6wrwVd7J1,9,1,5,"[Photo(previewUrl='https://pbs.twimg.com/media/FRRQ6aoWUAIlOuB?format=jpg&name=small', fullUrl='https://pbs.twimg.com/media/FRRQ6aoWUAIlOuB?format=jpg&name=large')]",tribute_brand,FOLLOW $PUNKY HERE: twitter.com/spunky_feed MINT PUNK HERE: tribute-brand.com,https://pbs.twimg.com/profile_images/1578307330491531265/-YtvwlP-_normal.jpg
2022-04-25 20:17:37+00:00,1518645672282660867,1518685685087186949,@iamckbubbles @wishervodka The emote has already been created. It was given away at MVFW 2022.,1,0,1,,AwedJob,he/him | Reparations Now! | SHEW B4 WAGMI | I'll show you the wonders of Decentraland |,https://pbs.twimg.com/profile_images/1599480391513112576/ADlquhzh_normal.png
2022-04-25 13:09:13+00:00,1518577872264437767,1518577872264437767,Yahoo recently launched its own virtual exhibition space in Decentraland as part of the first â€œMetaverse Fashion Weekâ€ (MVFW).  $WIMI https://t.co/i7imXcayTb,0,0,0,"[Gif(thumbnailUrl='https://pbs.twimg.com/tweet_video_thumb/FRMShIpXwAI0ADL.jpg', variants=[VideoVariant(contentType='video/mp4', url='https://video.twimg.com/tweet_video/FRMShIpXwAI0ADL.mp4', bitrate=0)])]",Jaywalk350824,"Donâ€™t worry it,we are going long",https://pbs.twimg.com/profile_images/1435807178582003713/46WJT4tQ_normal.jpg
2022-04-23 13:10:12+00:00,1517779665267613696,1517853343590273025,@LoyaltyDCL @GoucyD @decentraland @Deadfellaz @giuseppezanotti @themetakey @metazooxyz Love it! @NFTCryptoChicks yellow CC shades created for MVFWğŸ’›ğŸ’›ğŸ’›,1,0,1,,NFTCreatortours,"Web3 strategy for fashion & beauty brandsâœ¨Producer @CULTldnâœ¨ WoW, BB, Key Hodler, Wildâœ¨ I might like cars a little @MetaFashionH (DCL -119,81)",https://pbs.twimg.com/profile_images/1593830088805531648/_AFr44qS_normal.jpg
2022-04-22 21:39:29+00:00,1517619121009086465,1517619121009086465,"Metaverse Fashion Week: The hits and misses

#MVFW https://t.co/5pnf8kO2U5",0,0,0,,AndrewAu,"Managing Partner @WanderConsult | Chief Strategy Officer @ Uniplan | Former @EightInc, @ImaginationGLBL, @TheEconomist, @FortuneMagazine, @AOL | é¦™æ¸¯äºº",https://pbs.twimg.com/profile_images/1357514159307554816/fvN10zyZ_normal.jpg
2022-04-22 18:59:04+00:00,1517578751902732290,1517578751902732290,bullish on #mvfw and what it represents. an iconic brand that will take the luxury fashion industry by storm. cc @BloomCapital_ @danielgothits @EnsMaxis @cuartzgwlf https://t.co/ePsonA3riZ https://t.co/5PkA1ghzu4,2,0,0,"[Photo(previewUrl='https://pbs.twimg.com/media/FQ-F1LxXIAA7Rhi?format=jpg&name=small', fullUrl='https://pbs.twimg.com/media/FQ-F1LxXIAA7Rhi?format=jpg&name=large'), Photo(previewUrl='https://pbs.twimg.com/media/FQ-F1L5WUAEBXlM?format=jpg&name=small', fullUrl='https://pbs.twimg.com/media/FQ-F1L5WUAEBXlM?format=jpg&name=large')]",dinar_afro,High Level Observer. Builder. #ENS #ETH #BTC #DeFi #Digitalidentity,https://pbs.twimg.com/profile_images/1588861083590139904/YCA3_EeP_normal.jpg
2022-04-22 11:57:35+00:00,1517472681486176256,1517472681486176256,"Hey guys ! Here is a giveaway from Decentraland Wearable artists.
Legendary #MVFW
Black Bitforce AF1

Like &amp; RT 
Must follow all 3 accounts  
@CaliforniaPlugg
 
@Skullonface 
 
@Eagle_Stephen_
 
Tag 3 friends
48HRS 
#Decentraland #Wearables #NFTdrop #NFT #MetaverseFashionWeek https://t.co/wkO4Pt5w57",54,42,46,"[Photo(previewUrl='https://pbs.twimg.com/media/FQ8lP28XEAEVjGC?format=png&name=small', fullUrl='https://pbs.twimg.com/media/FQ8lP28XEAEVjGC?format=png&name=large')]",Eagle_Stephen_,"Electronic systems engineer-aerospace oriented.
VoxelArtist,3Dmodeler,SandBox Land Owner. HashLips Core Team 
ğŸ­ CryptoReaper X @cryptoreaperX #nft #hustler",https://pbs.twimg.com/profile_images/1532402474929246211/ojYAmBhH_normal.png
2022-04-22 07:25:23+00:00,1517404142171344897,1517404180419293184,"We expect to see fashion make a full crossover into the metaverse as more brands leverage this new digital space. Did you tune into  #MVFW ? if so sound off below and share your favorite NFT fashion below!
âœï¸by @LuckyGa74882673 
#Metaverse #Wearables #NFT",2,1,0,,fashionotes,ğ”…ğ”²ğ”¦ğ”©ğ”¡ğ”¦ğ”«ğ”¤ ğ”±ğ”¥ğ”¢ ğ”‰ğ”²ğ”±ğ”²ğ”¯ğ”¢ ğ”¬ğ”£ ğ”‰ğ”ğ”°ğ”¥ğ”¦ğ”¬ğ”« ğ”–ğ”¦ğ”«ğ” ğ”¢ ğ”ğ”ğ”› ğŸ”®  ğ““ğ“®ğ“¬ğ“®ğ“·ğ“½ğ“»ğ“ªğ“µğ“²ğ”ƒğ“®ğ“­ ğ“•ğ“ªğ“¼ğ“±ğ“²ğ“¸ğ“· ğ“˜ğ“¬ğ“¸ğ“· ğŸ’–ğŸ’§âœ¨,https://pbs.twimg.com/profile_images/1496959906980810760/AjWJalzB_normal.jpg
2022-04-22 07:25:20+00:00,1517404142171344897,1517404166997618688,"In addition to digital wearables on 3D avatars, MVFW showcased pop-ups from retailers selling NFT digiphysical items. Like, PrivÃ© Porter, who had its luxury resale pop-up shop in Decentralandâ€™s Threedium Plaza. https://t.co/hNz1rzGXEu",1,1,1,"[Photo(previewUrl='https://pbs.twimg.com/media/FQ7lUkbVgAA2gwR?format=jpg&name=small', fullUrl='https://pbs.twimg.com/media/FQ7lUkbVgAA2gwR?format=jpg&name=large')]",fashionotes,ğ”…ğ”²ğ”¦ğ”©ğ”¡ğ”¦ğ”«ğ”¤ ğ”±ğ”¥ğ”¢ ğ”‰ğ”²ğ”±ğ”²ğ”¯ğ”¢ ğ”¬ğ”£ ğ”‰ğ”ğ”°ğ”¥ğ”¦ğ”¬ğ”« ğ”–ğ”¦ğ”«ğ” ğ”¢ ğ”ğ”ğ”› ğŸ”®  ğ““ğ“®ğ“¬ğ“®ğ“·ğ“½ğ“»ğ“ªğ“µğ“²ğ”ƒğ“®ğ“­ ğ“•ğ“ªğ“¼ğ“±ğ“²ğ“¸ğ“· ğ“˜ğ“¬ğ“¸ğ“· ğŸ’–ğŸ’§âœ¨,https://pbs.twimg.com/profile_images/1496959906980810760/AjWJalzB_normal.jpg
2022-04-22 07:25:18+00:00,1517404142171344897,1517404162429906945,"Another participant in the first digital fashion week, German fashion designer Philipp Plein also participated in this year's MVFW and showcased his NFT collection in the designs house newly acquired $1.4 million Plein Plaza, which is a plot of land in the Decentraland metaverse. https://t.co/7ROKk3plQv",1,1,1,"[Photo(previewUrl='https://pbs.twimg.com/media/FQ7lIsLVUAApcvh?format=jpg&name=small', fullUrl='https://pbs.twimg.com/media/FQ7lIsLVUAApcvh?format=jpg&name=large')]",fashionotes,ğ”…ğ”²ğ”¦ğ”©ğ”¡ğ”¦ğ”«ğ”¤ ğ”±ğ”¥ğ”¢ ğ”‰ğ”²ğ”±ğ”²ğ”¯ğ”¢ ğ”¬ğ”£ ğ”‰ğ”ğ”°ğ”¥ğ”¦ğ”¬ğ”« ğ”–ğ”¦ğ”«ğ” ğ”¢ ğ”ğ”ğ”› ğŸ”®  ğ““ğ“®ğ“¬ğ“®ğ“·ğ“½ğ“»ğ“ªğ“µğ“²ğ”ƒğ“®ğ“­ ğ“•ğ“ªğ“¼ğ“±ğ“²ğ“¸ğ“· ğ“˜ğ“¬ğ“¸ğ“· ğŸ’–ğŸ’§âœ¨,https://pbs.twimg.com/profile_images/1496959906980810760/AjWJalzB_normal.jpg
2022-04-22 07:25:16+00:00,1517404142171344897,1517404151533121537,"Unlike any other fashion week, #MVFW  included brands and designers who displayed wearable nonfungible tokens (NFTs) on 3D avatars. While the idea of digital fashion is not new, fashion designers praised MVFW as one of the most exciting ways for brands to engage with consumers. https://t.co/tkiLmwNBvD",1,1,1,"[Photo(previewUrl='https://pbs.twimg.com/media/FQ7mJSvUYAEcF1z?format=jpg&name=small', fullUrl='https://pbs.twimg.com/media/FQ7mJSvUYAEcF1z?format=jpg&name=large')]",fashionotes,ğ”…ğ”²ğ”¦ğ”©ğ”¡ğ”¦ğ”«ğ”¤ ğ”±ğ”¥ğ”¢ ğ”‰ğ”²ğ”±ğ”²ğ”¯ğ”¢ ğ”¬ğ”£ ğ”‰ğ”ğ”°ğ”¥ğ”¦ğ”¬ğ”« ğ”–ğ”¦ğ”«ğ” ğ”¢ ğ”ğ”ğ”› ğŸ”®  ğ““ğ“®ğ“¬ğ“®ğ“·ğ“½ğ“»ğ“ªğ“µğ“²ğ”ƒğ“®ğ“­ ğ“•ğ“ªğ“¼ğ“±ğ“²ğ“¸ğ“· ğ“˜ğ“¬ğ“¸ğ“· ğŸ’–ğŸ’§âœ¨,https://pbs.twimg.com/profile_images/1496959906980810760/AjWJalzB_normal.jpg
2022-04-22 07:25:15+00:00,1517404142171344897,1517404148047630336,"#MVFW hosted artists and designers including fashion giants like Tommy Hilfiger, EstÃ©e Lauder, Philipp Plein, Selfridges and Dolce &amp; Gabbana. https://t.co/1TG6aop7kE",1,1,1,"[Photo(previewUrl='https://pbs.twimg.com/media/FQ7kWaeVsAE4CoI?format=jpg&name=small', fullUrl='https://pbs.twimg.com/media/FQ7kWaeVsAE4CoI?format=jpg&name=large')]",fashionotes,ğ”…ğ”²ğ”¦ğ”©ğ”¡ğ”¦ğ”«ğ”¤ ğ”±ğ”¥ğ”¢ ğ”‰ğ”²ğ”±ğ”²ğ”¯ğ”¢ ğ”¬ğ”£ ğ”‰ğ”ğ”°ğ”¥ğ”¦ğ”¬ğ”« ğ”–ğ”¦ğ”«ğ” ğ”¢ ğ”ğ”ğ”› ğŸ”®  ğ““ğ“®ğ“¬ğ“®ğ“·ğ“½ğ“»ğ“ªğ“µğ“²ğ”ƒğ“®ğ“­ ğ“•ğ“ªğ“¼ğ“±ğ“²ğ“¸ğ“· ğ“˜ğ“¬ğ“¸ğ“· ğŸ’–ğŸ’§âœ¨,https://pbs.twimg.com/profile_images/1496959906980810760/AjWJalzB_normal.jpg
2022-04-22 07:25:14+00:00,1517404142171344897,1517404144042004481,Metaverse Fashion Week (MVFW) a completely virtual experience just wrapped up and we want to chat about some of the highlights. The digital event took place in Decentraland; a decentralized virtual social platform on the Ethereum blockchain.,1,1,1,,fashionotes,ğ”…ğ”²ğ”¦ğ”©ğ”¡ğ”¦ğ”«ğ”¤ ğ”±ğ”¥ğ”¢ ğ”‰ğ”²ğ”±ğ”²ğ”¯ğ”¢ ğ”¬ğ”£ ğ”‰ğ”ğ”°ğ”¥ğ”¦ğ”¬ğ”« ğ”–ğ”¦ğ”«ğ” ğ”¢ ğ”ğ”ğ”› ğŸ”®  ğ““ğ“®ğ“¬ğ“®ğ“·ğ“½ğ“»ğ“ªğ“µğ“²ğ”ƒğ“®ğ“­ ğ“•ğ“ªğ“¼ğ“±ğ“²ğ“¸ğ“· ğ“˜ğ“¬ğ“¸ğ“· ğŸ’–ğŸ’§âœ¨,https://pbs.twimg.com/profile_images/1496959906980810760/AjWJalzB_normal.jpg
2022-04-22 07:25:14+00:00,1517404142171344897,1517404142171344897,FN #MVFW recap: Wearables and NFTs in Decentraland https://t.co/7yEYsU4lm1,1,1,2,"[Photo(previewUrl='https://pbs.twimg.com/media/FQ7mEjgVsAAqdrr?format=jpg&name=small', fullUrl='https://pbs.twimg.com/media/FQ7mEjgVsAAqdrr?format=jpg&name=large')]",fashionotes,ğ”…ğ”²ğ”¦ğ”©ğ”¡ğ”¦ğ”«ğ”¤ ğ”±ğ”¥ğ”¢ ğ”‰ğ”²ğ”±ğ”²ğ”¯ğ”¢ ğ”¬ğ”£ ğ”‰ğ”ğ”°ğ”¥ğ”¦ğ”¬ğ”« ğ”–ğ”¦ğ”«ğ” ğ”¢ ğ”ğ”ğ”› ğŸ”®  ğ““ğ“®ğ“¬ğ“®ğ“·ğ“½ğ“»ğ“ªğ“µğ“²ğ”ƒğ“®ğ“­ ğ“•ğ“ªğ“¼ğ“±ğ“²ğ“¸ğ“· ğ“˜ğ“¬ğ“¸ğ“· ğŸ’–ğŸ’§âœ¨,https://pbs.twimg.com/profile_images/1496959906980810760/AjWJalzB_normal.jpg
2022-04-22 01:47:14+00:00,1517319081673777153,1517319081673777153,digital fashion #ENSs #MVFW https://t.co/JlJ5BwuVnU,3,1,0,"[Photo(previewUrl='https://pbs.twimg.com/media/FQ6ZqdZXoAAfTaz?format=jpg&name=small', fullUrl='https://pbs.twimg.com/media/FQ6ZqdZXoAAfTaz?format=jpg&name=large'), Photo(previewUrl='https://pbs.twimg.com/media/FQ6ZqdZWQAAC7R6?format=jpg&name=small', fullUrl='https://pbs.twimg.com/media/FQ6ZqdZWQAAC7R6?format=jpg&name=large'), Photo(previewUrl='https://pbs.twimg.com/media/FQ6ZqdYXsAE0e46?format=jpg&name=small', fullUrl='https://pbs.twimg.com/media/FQ6ZqdYXsAE0e46?format=jpg&name=large')]",dinar_afro,High Level Observer. Builder. #ENS #ETH #BTC #DeFi #Digitalidentity,https://pbs.twimg.com/profile_images/1588861083590139904/YCA3_EeP_normal.jpg
2022-04-21 15:50:05+00:00,1517168805583409157,1517168805583409157,https://t.co/5ya03edWk8 #MVFW #DAZZLE,0,0,0,,liujonson2018,åŒºå—é“¾,https://pbs.twimg.com/profile_images/1514539741957730309/j95USaCf_normal.jpg
2022-04-21 15:36:03+00:00,1517165272985051136,1517165272985051136,"Big XR News from Meta, Virbela, Ithra Center, Osso VR, and MVFW https://t.co/QAKNklAJKb https://t.co/ucH7MQH058",2,0,0,"[Gif(thumbnailUrl='https://pbs.twimg.com/tweet_video_thumb/FQ4NxrsUYAAhuCq.jpg', variants=[VideoVariant(contentType='video/mp4', url='https://video.twimg.com/tweet_video/FQ4NxrsUYAAhuCq.mp4', bitrate=0)])]",L_Spencer,Director of Omnichannel for LVMH USA. Digital marketing nerd. Videogame addict! All my tweets are my own.,https://pbs.twimg.com/profile_images/889931065162252288/lbtBtl8F_normal.jpg
2022-04-21 02:15:38+00:00,1516952033571618816,1516963840382185476,@NikkiFuego92 @DokiDCL @stateless_eth Just had to pull the trigger tonight. Been eyeballing this piece since #MVFW - got down to the last one and I couldn't stand the thought of not having it #FOMO... â£ï¸,3,0,2,,SLHandmade,"Small Business Owner: turned my passion into a thriving business. Love Digital Fashion, NFTs & AI Generative Art; Aspiring UI Developer. Metaverse Pioneer.",https://pbs.twimg.com/profile_images/1536553719529185282/apamY4jR_normal.jpg
2022-04-20 23:33:23+00:00,1516923009575137281,1516923009575137281,"å…ˆæ—¥é–‹å‚¬ã•ã‚ŒãŸãƒ¡ã‚¿ãƒãƒ¼ã‚¹ãƒ•ã‚¡ãƒƒã‚·ãƒ§ãƒ³ã‚¦ã‚£ãƒ¼ã‚¯ã¨ãã®ä»–å‹•å‘ã«ã¤ã„ã¦ãŠè©±ã—ã—ã¾ã—ãŸğŸ˜Œæ˜¯éèã„ã¦ãã ã•ã„âœ¨

#087 ãƒ•ã‚¡ãƒƒã‚·ãƒ§ãƒ³ãƒ¡ã‚¿ãƒãƒ¼ã‚¹ã®æœªæ¥ã¯ã„ã‹ã«â‰ï¸ã‚¢ãƒ¡ãƒªã‚«ã®æœ€æ–°å‹•å‘âœ¨ğŸŒ - ç¾è¼ ã‚¨ãƒ«ãƒ¡ | MIKI HERME 
https://t.co/ZCgiIbk2EQ
#Voicy #voicyãƒ‘ãƒ¼ã‚½ãƒŠãƒªãƒ†ã‚£ã€€#mvfw",1,1,0,,mikiherme,ãƒ‹ãƒ¥ãƒ¼ãƒ¨ãƒ¼ã‚¯åœ¨ä½ğŸ—½ ã‚°ãƒ­ãƒ¼ãƒãƒ«ã‚­ãƒ£ãƒªã‚¢ã‚³ãƒŸãƒ¥ãƒ‹ãƒ†ã‚£OUIARE NEW YORK ä»£è¡¨ğŸŒ ç±³å›½ãƒ•ã‚¡ãƒƒã‚·ãƒ§ãƒ³ãƒ†ãƒƒã‚¯ã€ã‚¤ãƒ³ãƒ•ãƒ«ã‚¨ãƒ³ã‚µãƒ¼&ãƒ‡ã‚¸ã‚¿ãƒ«ãƒãƒ¼ãƒ†ã‚£ãƒ³ã‚°æˆ¦ç•¥ã‚¹ãƒšã‚·ãƒ£ãƒªã‚¹ãƒˆğŸ“±ãƒ¡ãƒ‡ã‚£ã‚¢ãƒ‘ãƒ¼ã‚½ãƒŠãƒªãƒ†ã‚£ğŸ™ãƒ¡ãƒ‡ã‚£ã‚¢å‡ºæ¼”ã€ãŠä»•äº‹ä¾é ¼ã¯ contact@mikinyc.com è¿„,https://pbs.twimg.com/profile_images/1475739336100433921/OW0F9UOM_normal.jpg
2022-04-20 17:15:36+00:00,1516827940159373312,1516827940159373312,I'll never forget MVFW. Till next year. https://t.co/pArDe1DLgc,1,0,0,"[Photo(previewUrl='https://pbs.twimg.com/media/FQza4wEXIAQAmU0?format=jpg&name=small', fullUrl='https://pbs.twimg.com/media/FQza4wEXIAQAmU0?format=jpg&name=large'), Photo(previewUrl='https://pbs.twimg.com/media/FQza4wCXIAEtdri?format=jpg&name=small', fullUrl='https://pbs.twimg.com/media/FQza4wCXIAEtdri?format=jpg&name=large')]",SwayzeStreams,"Ready Player One
Web 3.0
Enter The MetaverseğŸ‘¾",https://pbs.twimg.com/profile_images/1476242695538552834/xNLU8Hus_normal.jpg
2022-04-20 16:43:38+00:00,1516819892665827331,1516819892665827331,"""Despite the hiccups, the #mvfw saw 108,000 unique attendees during the course of the event, with $76,757 worth of wearables sold.""
ğŸ‘‰Je n'appellerais pas Ã§a un ""succÃ¨s""... Et on ne connait pas les  montants investis...
#metaverse #eventprofs 
https://t.co/hhkzTZCY8I",1,0,1,,Nat_Bad,"#VintageGeekGirlğŸ¤³ğŸ½ğŸ’… #SocialMedia Strategies ğŸ‘ğŸ¤© #ExecutiveCoaching ğŸ†ğŸ˜€ #eReputationâœï¸ğŸ§ Go-to-#Metaverse Strategist.
ğŸ‘‰Tweets frais et vÃ©rifiÃ©s.",https://pbs.twimg.com/profile_images/1475819930331357187/x62NyKJI_normal.jpg
2022-04-20 14:18:14+00:00,1516783304766238721,1516783304766238721,"ã€ŒMetaverse Fashion Weekã€

2022.3.24ï½3.27ã«é–‹å‚¬ã•ã‚ŒãŸãƒ¡ã‚¿ãƒãƒ¼ã‚¹ãƒ•ã‚¡ãƒƒã‚·ãƒ§ãƒ³ã‚¦ã‚£ãƒ¼ã‚¯ã€""MVFW""

Dolce &amp; Gabbanaã€CHARLES &amp; KEITH ã€Tommy Hilfigerã€ETROãŒå‚å…¥ã—ã¦ãŸã®ãŒè©±é¡Œã«ãªã£ã¦ã¾ã—ãŸãŒã€ã‚‚ã†ãƒ¡ã‚¿ãƒãƒ¼ã‚¹ã¸ã®å‚å…¥ã¯""å½“ãŸã‚Šå‰""ã«ãªã£ã¦ã„ãã®ã‹ã‚‚??âœ”ï¸

ETRO https://t.co/rdbj3wAxEC",0,0,1,"[Photo(previewUrl='https://pbs.twimg.com/media/FQyyX7kVcAQmwsg?format=jpg&name=small', fullUrl='https://pbs.twimg.com/media/FQyyX7kVcAQmwsg?format=jpg&name=large'), Photo(previewUrl='https://pbs.twimg.com/media/FQyyX7iVsAQDBB9?format=jpg&name=small', fullUrl='https://pbs.twimg.com/media/FQyyX7iVsAQDBB9?format=jpg&name=large')]",0yen_thunder0,blender/ãƒ¡ã‚¿ãƒ¡ã‚¿ãƒãƒ¼ã‚¹/NFT/ãƒ‡ã‚¸ã‚¿ãƒ«ãƒ•ã‚¡ãƒƒã‚·ãƒ§ãƒ³/âš¡ï¸âš¡ï¸ğŸ™Œ/MZDAO/Instagramâ†“â†“ instagram.com/yen_thunder/,https://pbs.twimg.com/profile_images/1575536985904599040/1Ius6p9i_normal.jpg
2022-04-20 13:15:42+00:00,1516767566995329024,1516767566995329024,"ICYMI: @dolcegabbana, @TommyHilfiger, @Forever21, @dkny and @EsteeLauder entered the virtual world to present during the inaugural Metaverse Fashion Week (MVFW) ğŸ‘

See more from this #virtualevent (including a literal ""catwalk""ğŸ‘€)ğŸ‘‡

https://t.co/rIi1pr1jvq",1,0,0,,BizBash,#BizBash is where #eventpros go for creative ideas and inspiration from events around the globe ğŸ‰ Subscribe: bizba.sh/buzz,https://pbs.twimg.com/profile_images/1542849060926898176/8r7czawO_normal.jpg
2022-04-19 23:13:36+00:00,1516555643720806407,1516555643720806407,"Just like @FashionWeek, we now have a Metaverse Fashion Week. The $1bn question is WHO will own the opportunity to shape the evolution of fashion in the Metaverse. #MVFW.

Now imagine when the Metaverse fully matures. 

#MediaImpactValue

cc @voguebusiness @maghanmcd https://t.co/S5ONEf2ele",3,0,0,"[Photo(previewUrl='https://pbs.twimg.com/media/FQvjUfQX0AAGiaf?format=jpg&name=small', fullUrl='https://pbs.twimg.com/media/FQvjUfQX0AAGiaf?format=jpg&name=large'), Photo(previewUrl='https://pbs.twimg.com/media/FQvjUfMXsAcNj9D?format=jpg&name=small', fullUrl='https://pbs.twimg.com/media/FQvjUfMXsAcNj9D?format=jpg&name=large')]",dinar_afro,High Level Observer. Builder. #ENS #ETH #BTC #DeFi #Digitalidentity,https://pbs.twimg.com/profile_images/1588861083590139904/YCA3_EeP_normal.jpg
2022-04-19 22:44:36+00:00,1516548105273212934,1516548344914800640,"â—‰ãƒ¡ã‚¿ãƒãƒ¼ã‚¹  ã‚‚ã†æœªæ¥ã®è©±ã˜ã‚ƒãªã„ï¼

ğŸ“Šé–¢é€£å¸‚å ´è¦æ¨¡ï¼š2028å¹´ã«ã¯100å…†å††è¦æ¨¡
ğŸ‘—ãƒ¡ã‚¿ãƒãƒ¼ã‚¹ç‰ˆãƒ‘ãƒªã‚³ãƒ¬âˆï¼šã€MVFWã€
ğŸ‘ŸNIKEãŒè²·åï¼šãƒãƒ¼ãƒãƒ£ãƒ«ã‚¹ãƒ‹ãƒ¼ã‚«ãƒ¼ãƒ–ãƒ©ãƒ³ãƒ‰ã€RTFKTã€ https://t.co/L315hONUqH",4,1,1,"[Photo(previewUrl='https://pbs.twimg.com/media/FQvcriHakAACrNR?format=jpg&name=small', fullUrl='https://pbs.twimg.com/media/FQvcriHakAACrNR?format=jpg&name=large'), Photo(previewUrl='https://pbs.twimg.com/media/FQvcri5aIAAD_7T?format=jpg&name=small', fullUrl='https://pbs.twimg.com/media/FQvcri5aIAAD_7T?format=jpg&name=large'), Photo(previewUrl='https://pbs.twimg.com/media/FQvcrjHakAAavwQ?format=jpg&name=small', fullUrl='https://pbs.twimg.com/media/FQvcrjHakAAavwQ?format=jpg&name=large')]",kanta_ezawa,02â€™ï½œæ³•æ”¿ï½œBizDevDojo Co. Associate Consultantï½œã¿ãªã‚“ã§ã‚‚ãƒ‰ãƒ©ãƒ•ãƒˆ åºƒå ±ãƒ»PR -ãƒ•ã‚¡ãƒ³ã‚¿ã‚¸ãƒ¼ã‚¹ãƒãƒ¼ãƒ„- @info_nandora ï½œã¿ã“ã®ã‚ -ã‚¤ãƒ³ã‚µã‚¤ãƒ‰ã‚»ãƒ¼ãƒ«ã‚¹-ï½œBusiness Contest KING æ¸‰å¤–å±€ @waav_king,https://pbs.twimg.com/profile_images/1411610260075204614/vQEy93Lo_normal.jpg
2022-04-19 21:01:56+00:00,1516522510925410308,1516522510925410308,"hints of another #mvfw on the way. 
cc @maghanmcd @art_wallet https://t.co/fDkIVlVYpV",1,0,0,"[Photo(previewUrl='https://pbs.twimg.com/media/FQvFL7ZX0AY8KDc?format=jpg&name=small', fullUrl='https://pbs.twimg.com/media/FQvFL7ZX0AY8KDc?format=jpg&name=large')]",dinar_afro,High Level Observer. Builder. #ENS #ETH #BTC #DeFi #Digitalidentity,https://pbs.twimg.com/profile_images/1588861083590139904/YCA3_EeP_normal.jpg
2022-04-19 19:28:14+00:00,1516498929336082438,1516498929336082438,awesome video @MetaModelAgency  - so proud of how the community came together for #MVFW! ğŸ’¯ https://t.co/UAEVcB99Lb,7,0,4,,MetaPartyDCL,"CyberStrife NFT Collection:
opensea.io/collection/cybâ€¦

Discord: discord.gg/2Skr3ayxT7",https://pbs.twimg.com/profile_images/1520751129163931648/QlMBEeR6_normal.jpg
2022-04-19 02:30:42+00:00,1516242859929702403,1516242859929702403,More #mvfw ! Stay tuned for my #Decentraland street styleğŸ’…ğŸ¿ğŸ‘–ğŸ‘šrecap via @fashionotes https://t.co/XpqvIRDZxy,1,0,0,"[Photo(previewUrl='https://pbs.twimg.com/media/FQrG15jVsAMedmC?format=jpg&name=small', fullUrl='https://pbs.twimg.com/media/FQrG15jVsAMedmC?format=jpg&name=large')]",LuckyGReina,"âœ¨Just having a human experienceâœ¨
5DğŸ¦‹let us live for the beauty of our own reality
ğŸ‡¬ğŸ‡¹ğŸ‡¯ğŸ‡²ğŸ‡¨ğŸ‡²
#TheBallads IYKYK 
Stream 'Lemonade' ğŸ‹ğŸ‹by @mrloveballad",https://pbs.twimg.com/profile_images/1557845802231377920/vCldpLQy_normal.jpg
2022-04-19 02:00:10+00:00,1516235174907985924,1516235174907985924,"The Inside Scoop into the World of Women and The Fabricant Collaboration https://t.co/EZho6xEHqm 

#NFTs #NFTNews #NFTCommunity #WOW #Fashion #Metaverse #MVFW https://t.co/NLeVZzOCay",5,1,0,"[Photo(previewUrl='https://pbs.twimg.com/media/FQq_2qMWUAU-_3z?format=jpg&name=small', fullUrl='https://pbs.twimg.com/media/FQq_2qMWUAU-_3z?format=jpg&name=large')]",Omnimint_xyz,"NFT Tools
Daily NFT Drops 
Analytics + Rarity Ranking
Daily News and NFTutorials",https://pbs.twimg.com/profile_images/1579326021072920576/SPM41vXu_normal.jpg
2022-04-18 17:00:26+00:00,1516099345636069376,1516099345636069376,"#NFTnews ğŸ“° The First-of-Its-Kind #MetaverseFashion Week Was Held in March: Here Are 5 Major Takeaways ğŸ‘œğŸ‘—ğŸ‘–

Read more: https://t.co/e7b0vhqCxn

#Metaverse #NFT #NFTs #MVFW #NFTcommunity #crypto",5,0,2,,ReadDailyCoin,"#DailyCoin your Daily #Crypto, #Cryptocurrency News.
ğŸ‘‰ Join our Telegram: t.me/DailyCoinCrypto",https://pbs.twimg.com/profile_images/1497170787689803778/3K7Q5d-9_normal.jpg
2022-04-18 06:12:21+00:00,1515936249730592769,1515936249730592769,"#Wearable #WearableGiveaway #NFTGiveaway #Decentraland

Giving away 3nos x MVFW - GM shirt - Everybody In - 2
@GM

1. Follow
@Siddharthakur 
&amp;
@mizuyto 

2. â¤ï¸ + RT
3. Tag 3 Friends &amp; Drop #ETH wallet

24HrsğŸ¥³

#NFTCommunity #NFTCollection #Metaverse #Giveaway #Wearables https://t.co/apwxbPXjzc",73,58,75,"[Photo(previewUrl='https://pbs.twimg.com/media/FQmv7F6UYAAm9vY?format=png&name=small', fullUrl='https://pbs.twimg.com/media/FQmv7F6UYAAm9vY?format=png&name=large'), Photo(previewUrl='https://pbs.twimg.com/media/FQmv7F7VUAUOdIr?format=png&name=small', fullUrl='https://pbs.twimg.com/media/FQmv7F7VUAUOdIr?format=png&name=large')]",Siddharthakur,"Metaverse Enthusiast

Not an 'Ice Wearable Delegator'

Addy: 0xC1A5a895a1350980cCF11aEf1Bb3D06aE911Dfa7
Discord: Siddy0606#9773
Twitch: SiddharthThakur06",https://pbs.twimg.com/profile_images/1491149207637426176/HYLwbqUO_normal.jpg
2022-04-18 00:04:41+00:00,1515758945888989184,1515843724584140803,"@CanessaDCL @decentraland @coachella @AbsolutUS Here in the #selfieroom with my newest DCL friend @awmckenna and a friend I made during #MVFW, @FabeeoBreen 
Credit for this image to @FabeeoBreen 
0xc939519869C946E4BdCa8FD0B6459048c4aEBAe2 https://t.co/0wh8I6ZwNz",1,0,0,"[Photo(previewUrl='https://pbs.twimg.com/media/FQlbSqoWYAM1eu_?format=png&name=small', fullUrl='https://pbs.twimg.com/media/FQlbSqoWYAM1eu_?format=png&name=large')]",AwedJob,he/him | Reparations Now! | SHEW B4 WAGMI | I'll show you the wonders of Decentraland |,https://pbs.twimg.com/profile_images/1599480391513112576/ADlquhzh_normal.png
2022-04-17 15:36:58+00:00,1515715951597137920,1515715951597137920,Coachella vibes at @AbsolutUS with @AwedJob and the infamous @FabeeoBreen ğŸ‰ #MVFW https://t.co/gNalFZwoew,12,1,1,"[Photo(previewUrl='https://pbs.twimg.com/media/FQjnmUhXEAM7QAK?format=jpg&name=small', fullUrl='https://pbs.twimg.com/media/FQjnmUhXEAM7QAK?format=jpg&name=large')]",awmckenna,Founder @hexedigital ğŸ–¤ Snack aficionado #GirlGamer ğŸ® and lover of plants ğŸª´ AFRL - probs in @decentraland,https://pbs.twimg.com/profile_images/1515822688438259722/hHIF5i_e_normal.jpg
2022-04-15 20:28:03+00:00,1514699997459091468,1515064429418799115,@DegenDaVinci The COMMUNITY @gossapegirl #gossapegirl #mvfw https://t.co/ZeXid7EUuI,1,0,0,"[Photo(previewUrl='https://pbs.twimg.com/media/FQaW1KqXoAg6GxZ?format=jpg&name=small', fullUrl='https://pbs.twimg.com/media/FQaW1KqXoAg6GxZ?format=jpg&name=large')]",SlimFly73,â€œIf Even Keeled Was a ğŸ…¿ï¸ersonâ€... #030693 PFP @Gossapegirl #6673 ğŸ’#BapesclanOG #Apiens #CubeX #Bloodlines #GEVOLs #HomieGs #ChainsNFT #TrapMonkie #RAYC,https://pbs.twimg.com/profile_images/1609934026076262401/8mueaufb_normal.jpg
2022-04-15 16:15:20+00:00,1515000833443827718,1515000833443827718,"I just published *old* Fashion Goes Digital for the First Ever Metaverse Fashion Week https://t.co/yS0x66s5qP 

#fashion #metaverse #Decentraland #NFTCommmunity  #MVFW https://t.co/6yMEsz5SMm",2,0,0,"[Gif(thumbnailUrl='https://pbs.twimg.com/tweet_video_thumb/FQZdOXWWQAE5hR2.jpg', variants=[VideoVariant(contentType='video/mp4', url='https://video.twimg.com/tweet_video/FQZdOXWWQAE5hR2.mp4', bitrate=0)])]",Nate18244,"I am a copywriter / aspiring blogger from Valencia, Spain writing about anything and everything.",https://pbs.twimg.com/profile_images/1514554891787714568/ZP8o7sEU_normal.jpg
2022-04-15 14:16:47+00:00,1514970998629711874,1514970998629711874,PINK MğŸŒ—ğŸŒ“N COLLECTION 2022. Abril 16. #fashion #moda #realydigital #fashionnft #nftart #NFTCommunity #LatinoAmerica #latinos #NFT #MVFW https://t.co/wvBldHwLxI,2,0,0,"[Video(thumbnailUrl='https://pbs.twimg.com/ext_tw_video_thumb/1514970844237381636/pu/img/9zCXjxmPzOe9eXWB.jpg', variants=[VideoVariant(contentType='video/mp4', url='https://video.twimg.com/ext_tw_video/1514970844237381636/pu/vid/720x1280/rhDloOlSKKS1YsEp.mp4?tag=12', bitrate=2176000), VideoVariant(contentType='application/x-mpegURL', url='https://video.twimg.com/ext_tw_video/1514970844237381636/pu/pl/wmJAfD6SvZYEh8Bo.m3u8?tag=12&container=fmp4', bitrate=None), VideoVariant(contentType='video/mp4', url='https://video.twimg.com/ext_tw_video/1514970844237381636/pu/vid/480x852/NC7X1Toq15ayBhkC.mp4?tag=12', bitrate=950000), VideoVariant(contentType='video/mp4', url='https://video.twimg.com/ext_tw_video/1514970844237381636/pu/vid/320x568/nAiZmwkEo5Zed2aV.mp4?tag=12', bitrate=632000)], duration=19.075, views=49)]",realydigital,STUDIO DE DISEÃ‘O Asistido por REALIDAD EXTENDIDA Y NFTs â€¢DiseÃ±oRealâ€¢ProduccionDigital â€¢ProyectosInmersivos. ğŸ‘‰Haz Realidad TÃº Proyecto!. ContactanosğŸ‘‡,https://pbs.twimg.com/profile_images/1596375282763579394/UBBA88Oc_normal.jpg
2022-04-15 13:59:05+00:00,1514966544400404485,1514966544400404485,"Auroboros founders @sello_paula &amp; @AAulbekova will join us in discord on Monday at 2:30 EST / 7:30 BST ğŸª

Here's your chance to meet the visionary duo as they discuss Auroboros muses, recap #mvfw and the @Grimezsz  performance, and hold an AMA session.

https://t.co/eeA9wqxss1",4,0,0,,auroboros_ltd,Auroboros the science-tech couture house creating for digital & physical worlds Founded by @AAulbekova & @Sello_Paula âšœï¸Mesmer collection dropping 2023,https://pbs.twimg.com/profile_images/1598675592244854784/DYE2OUXu_normal.jpg
2022-04-14 19:47:15+00:00,1514293901120753676,1514691774882615311,@BosonProtocol The Boson Portal Fashion District was indeed the highlight of the #MVFW !!,0,0,0,,metameditator,"Karmic Metaverse explorer | Follow me, as I travel across the Metaverse, and share updates about the latest places, events, parties, NFTs and brands.",https://pbs.twimg.com/profile_images/1512907973118808065/bjyhFNy8_normal.jpg
2022-04-14 10:19:06+00:00,1514548793785655298,1514548793785655298,"Metaverse offers great potential for fashion, what do you think? ğŸª

#Metaverse #MVFW https://t.co/7RM7zb5UW7",14,0,0,"[Photo(previewUrl='https://pbs.twimg.com/media/FQS_fR1WYAAWcwI?format=jpg&name=small', fullUrl='https://pbs.twimg.com/media/FQS_fR1WYAAWcwI?format=jpg&name=large')]",art_wallet,"OneArt is more than just a wallet. Itâ€™s your secure, easy, and seamless gateway to the #Crypto & #NFT world.",https://pbs.twimg.com/profile_images/1567479859458314242/leMnpG0l_normal.jpg
2022-04-14 10:07:42+00:00,1514545927607959558,1514545927607959558,"âœ…Here is a video showing the @Metaskins_  studio collaborations for the MVFW 2022 @decentraland ğŸ‘€ https://t.co/PLjK9moBOt

They are also behind the @TheHolyOnesNFT project ! https://t.co/i42fyTTZs4

#NFTCommunity #NFTs #Metaverse #NFTartist #NFTCollection #Decentraland #MVFW https://t.co/5JdkDrigZP",6,2,1,"[Video(thumbnailUrl='https://pbs.twimg.com/ext_tw_video_thumb/1514545675446501380/pu/img/iUpbjjnTl-Ic_kYA.jpg', variants=[VideoVariant(contentType='video/mp4', url='https://video.twimg.com/ext_tw_video/1514545675446501380/pu/vid/640x360/t_05yd0SvYLNst7q.mp4?tag=12', bitrate=832000), VideoVariant(contentType='video/mp4', url='https://video.twimg.com/ext_tw_video/1514545675446501380/pu/vid/1280x720/ZZuEU7RFDbnEcc-9.mp4?tag=12', bitrate=2176000), VideoVariant(contentType='application/x-mpegURL', url='https://video.twimg.com/ext_tw_video/1514545675446501380/pu/pl/bdvzf9J09bcv-ptt.m3u8?tag=12&container=fmp4', bitrate=None), VideoVariant(contentType='video/mp4', url='https://video.twimg.com/ext_tw_video/1514545675446501380/pu/vid/480x270/wtVwiZHig3lZa3Gb.mp4?tag=12', bitrate=256000)], duration=24.3, views=78)]",Djiv_01,"ğŸ‡«ğŸ‡· Web3 PassionnÃ© ğŸ‡¬ğŸ‡§ Web3 Enthusiast
ğŸ”¶ The Holy Ones Holder #1 â‡¥ discord.gg/holyones 
ğŸŒ #ETH #BTC #BNB #NFT #NFTs #Blockchain #Metaverse #Web3 #Crypto",https://pbs.twimg.com/profile_images/1525047993120002048/NAGUVnqQ_normal.jpg
2022-04-14 02:20:34+00:00,1514345392317546507,1514428367616978945,"@Tabz_tech @iamDCinvestor @SamsungUS Thereâ€™s currently 2k people online - which is the average/low end, and plenty of events on the pageâ€¦ just because theyâ€™re not big marketing things like mvfw and community events mean they donâ€™t matter to you orâ€¦?",0,0,0,,XetaDcl,"xeta.eth, web3/Metaverse/gaming/ development/RS3 comped - NFT photography & galleries in Decentraland: 99,88 / 100,77 / 25,74 / 55,103 âœ¨",https://pbs.twimg.com/profile_images/1592255119021600768/Mrw5Hro4_normal.jpg
2022-04-14 02:16:17+00:00,1514345392317546507,1514427290872033282,@XetaDcl @iamDCinvestor @SamsungUS Post mvfw itâ€™s a complete ghost town. Events page nada. https://t.co/PXpXr8CiGY buys more land ğŸ˜‘,0,0,1,,Tabz_tech,"Track price, social commentary, & sentiment for all your favorite NFT/Crypto projects.",https://pbs.twimg.com/profile_images/1579956881811873793/VvH3X0wk_normal.jpg
2022-04-14 01:43:33+00:00,1514419051527028736,1514419051527028736,So happy to receive this #NFT from RealSophiaRobot as a result of finding her at #MVFW at decentraland last month!Itâ€¦,0,0,0,,DickCoo32589428,Crypto - Trading - News ğŸ‘€,https://pbs.twimg.com/profile_images/1510499705222008835/N7Hz7Bu__normal.jpg
2022-04-13 17:52:12+00:00,1514300433346478084,1514300433346478084,"We are partnering with @LuxuryTribune for a series of capsule videos on the topics of NFTs, the Metaverse and 3D product creation.

This first interview is with our CEO @HoldenerEric, accompanied by @davidcash888 to learn more about our mission and the recent #MVFW!

Stay tuned! https://t.co/1hpho98AXy",11,2,0,"[Video(thumbnailUrl='https://pbs.twimg.com/ext_tw_video_thumb/1514300106362740739/pu/img/LPoWlHPavfrNncHW.jpg', variants=[VideoVariant(contentType='video/mp4', url='https://video.twimg.com/ext_tw_video/1514300106362740739/pu/vid/480x270/D-3E0M-Qv83sDAbS.mp4?tag=12', bitrate=256000), VideoVariant(contentType='video/mp4', url='https://video.twimg.com/ext_tw_video/1514300106362740739/pu/vid/1280x720/9bedwM93KYmKL0xW.mp4?tag=12', bitrate=2176000), VideoVariant(contentType='application/x-mpegURL', url='https://video.twimg.com/ext_tw_video/1514300106362740739/pu/pl/-jR6SMAto9bkY4RM.m3u8?tag=12&container=fmp4', bitrate=None), VideoVariant(contentType='video/mp4', url='https://video.twimg.com/ext_tw_video/1514300106362740739/pu/vid/640x360/eOkJk4Os-gR4t99f.mp4?tag=12', bitrate=832000)], duration=128.708, views=106)]",Kinestryio,We build products & experiences for the future now,https://pbs.twimg.com/profile_images/1470504673203392522/kwJ9VTv7_normal.jpg
2022-04-13 17:26:14+00:00,1514293901120753676,1514293901120753676,"Portal connected by @BosonProtocol #MVFW recap (over just 72 hrs)
Boson Portal Fashion District visits - 46,378
Number of Physical items sold - 2,480
Number of Digital items sold - 6,095
Total Item Value Listed $7.58m

dCommerce is live &amp; itâ€™s here to stay
https://t.co/7pwt4Y2Bx1 https://t.co/qWOukwF8w7",111,31,8,"[Video(thumbnailUrl='https://pbs.twimg.com/ext_tw_video_thumb/1514293843331633159/pu/img/LxbAcCV-7rehtAiS.jpg', variants=[VideoVariant(contentType='video/mp4', url='https://video.twimg.com/ext_tw_video/1514293843331633159/pu/vid/640x360/tZaHHTXPPDz_TA0t.mp4?tag=12', bitrate=832000), VideoVariant(contentType='video/mp4', url='https://video.twimg.com/ext_tw_video/1514293843331633159/pu/vid/1280x720/4FkxaPT7fkTSY5rp.mp4?tag=12', bitrate=2176000), VideoVariant(contentType='video/mp4', url='https://video.twimg.com/ext_tw_video/1514293843331633159/pu/vid/480x270/ceaF41UmRL-3ecjR.mp4?tag=12', bitrate=256000), VideoVariant(contentType='application/x-mpegURL', url='https://video.twimg.com/ext_tw_video/1514293843331633159/pu/pl/1wNQg7rXNDi7VibG.m3u8?tag=12&container=fmp4', bitrate=None)], duration=56.006, views=1756)]",BosonProtocol,"Web3â€™s Commerce Layer  

Join the community â¬‡ï¸ 
t.me/bosonprotocol 
discord.gg/QSdtKRaap6",https://pbs.twimg.com/profile_images/1564990961423458309/74l9A-xK_normal.jpg
2022-04-13 17:06:22+00:00,1514288899274809346,1514288899274809346,Yea we do! @gossapegirl #MVFW #Decentraland https://t.co/o5VZFGoA9I https://t.co/HdFGJuBw9B,5,0,0,"[Photo(previewUrl='https://pbs.twimg.com/media/FQPVulwXEAs_Zvi?format=jpg&name=small', fullUrl='https://pbs.twimg.com/media/FQPVulwXEAs_Zvi?format=jpg&name=large'), Photo(previewUrl='https://pbs.twimg.com/media/FQPVulwXoAIaRP7?format=jpg&name=small', fullUrl='https://pbs.twimg.com/media/FQPVulwXoAIaRP7?format=jpg&name=large')]",SlimFly73,â€œIf Even Keeled Was a ğŸ…¿ï¸ersonâ€... #030693 PFP @Gossapegirl #6673 ğŸ’#BapesclanOG #Apiens #CubeX #Bloodlines #GEVOLs #HomieGs #ChainsNFT #TrapMonkie #RAYC,https://pbs.twimg.com/profile_images/1609934026076262401/8mueaufb_normal.jpg
2022-04-13 17:00:19+00:00,1514287376545234949,1514287376545234949,"â€œThis entirely virtual experience was held... in Decentraland... and designers including big names like Tommy Hilfiger, EstÃ©e Lauder, Philipp Plein, Selfridges and Dolce &amp; Gabbana.â€

Biggest takeaway from MVFW? Donâ€™t sleep on web3 fashion.

https://t.co/3r7hyuffWj https://t.co/Bf2aux0HI6",1,0,0,"[Photo(previewUrl='https://pbs.twimg.com/media/FQPUV67WUAclSKE?format=jpg&name=small', fullUrl='https://pbs.twimg.com/media/FQPUV67WUAclSKE?format=jpg&name=large')]",LegitimateTech,"Legitimate is a Protocol for Physical NFTs, unique physical products featuring unforgettable digital experiences. linkin.bio/legitimatetech",https://pbs.twimg.com/profile_images/1111354044461780992/N8MEg5su_normal.png
2022-04-13 16:33:11+00:00,1514280550105763844,1514280550105763844,"The #metaverse is a place where everyone can be anyone they wish to be. The anonymity can be freeing, and the fashion amazing. Here are some unforgettable looks as seen on the crowd at the recent @decentraland  Metaverse Fashion Week.â ğŸŒâœ¨ #MVFW

ğŸ”—https://t.co/d4aLl5LWby https://t.co/c1uX8MQLT6",5,1,0,"[Video(thumbnailUrl='https://pbs.twimg.com/ext_tw_video_thumb/1514280421638516743/pu/img/m3v0XyP7ilPKaErU.jpg', variants=[VideoVariant(contentType='application/x-mpegURL', url='https://video.twimg.com/ext_tw_video/1514280421638516743/pu/pl/-UHJRrzErVu9K3gi.m3u8?tag=12&container=fmp4', bitrate=None), VideoVariant(contentType='video/mp4', url='https://video.twimg.com/ext_tw_video/1514280421638516743/pu/vid/320x320/n6EpxRfwAHT6P4nQ.mp4?tag=12', bitrate=432000), VideoVariant(contentType='video/mp4', url='https://video.twimg.com/ext_tw_video/1514280421638516743/pu/vid/540x540/l7LuwJ9n_SpTGnDC.mp4?tag=12', bitrate=832000), VideoVariant(contentType='video/mp4', url='https://video.twimg.com/ext_tw_video/1514280421638516743/pu/vid/720x720/ptSk4kvC9eytf_vh.mp4?tag=12', bitrate=1280000)], duration=1.8, views=28)]",Brytehall,A curated premium NFT marketplace that combines ease & sophistication.,https://pbs.twimg.com/profile_images/1422077241895231490/wrdvsRPo_normal.jpg
2022-04-13 16:21:00+00:00,1514277483876655111,1514277483876655111,"In late April @PacoRabanne is launching the #NFT collection of its most conceptual archive pieces in collaboration with @Selfridges. 

The collection will feature specially designed experience inspired by the virtual @PacoRabanne x @Selfridges storeÂ at #MVFW in @decentraland.

1/ https://t.co/eN3BHH5lW4",4,1,1,"[Photo(previewUrl='https://pbs.twimg.com/media/FQPI1ylX0AoRXMq?format=jpg&name=small', fullUrl='https://pbs.twimg.com/media/FQPI1ylX0AoRXMq?format=jpg&name=large')]",web3_commerce,"Your No. 1 profile for eCommerce news in Web3 & NFTs. 
GM fren! Say it back!",https://pbs.twimg.com/profile_images/1484120981597827072/9QmSC2OD_normal.jpg
2022-04-13 13:22:08+00:00,1514232468714692613,1514232468714692613,"ãƒ¡ã‚¿ãƒãƒ¼ã‚¹ãƒ»ãƒ•ã‚¡ãƒƒã‚·ãƒ§ãƒ³ã‚¦ã‚£ãƒ¼ã‚¯ï¼ˆMVFWï¼‰ã¯ãƒ¢ãƒ¼ãƒ‰æ¥­ç•Œã«ã©ã‚“ãªé©å‘½ã‚’ã‚‚ãŸã‚‰ã™ã®ã‹(ELLE DIGITAL)
#Yahooãƒ‹ãƒ¥ãƒ¼ã‚¹
https://t.co/TMqkCSRFlG
æœªå®Œæˆã§ã‚‚ç¢ºå®Ÿã«é€²ã‚“ã§ã„ã‚‹ã€‚",0,0,0,,ryomaO7Ol,10æœˆã€œãŒæ¥½ã—ã¿ã§ä»•æ–¹ã‚ã‚Šã¾ã›ã‚“ã€‚FCæ±äº¬ã€LFCã€è¦³åŠ‡ã€èª­æ›¸ãŒå¥½ãã€‚ãã ã‚‰ãªã„ã¤ã¶ã‚„ãã‚’ã®ã‚“ã³ã‚Šã¨ã€ã—ã‹ã—ç€å®Ÿã«ç”Ÿç”£ã€‚ç¬‘é¡”ã‚’ã€å¤§åˆ‡ã«ã€‚æ—¥æœ¬é…’â†’@nihonshu_ryoma ãƒœãƒ‰ã‚²â†’@omoshiroson,https://pbs.twimg.com/profile_images/1436360346608889856/qI3sDEmM_normal.jpg
2022-04-13 11:25:57+00:00,1514072266853650440,1514203232477884422,@clarisse_alexa @gossapegirl Building IRL and in the Metaverse #Decentraland #MVFW https://t.co/pZQ6EDcql2,3,0,1,"[Photo(previewUrl='https://pbs.twimg.com/media/FQOH0GkX0AEVtiB?format=jpg&name=small', fullUrl='https://pbs.twimg.com/media/FQOH0GkX0AEVtiB?format=jpg&name=large')]",SlimFly73,â€œIf Even Keeled Was a ğŸ…¿ï¸ersonâ€... #030693 PFP @Gossapegirl #6673 ğŸ’#BapesclanOG #Apiens #CubeX #Bloodlines #GEVOLs #HomieGs #ChainsNFT #TrapMonkie #RAYC,https://pbs.twimg.com/profile_images/1609934026076262401/8mueaufb_normal.jpg
2022-04-13 02:19:14+00:00,1514065644001579012,1514065644001579012,"fashion_news 
ãƒ¡ã‚¿ãƒãƒ¼ã‚¹ãƒ»ãƒ•ã‚¡ãƒƒã‚·ãƒ§ãƒ³ã‚¦ã‚£ãƒ¼ã‚¯ï¼ˆMVFWï¼‰ã«ã‚¨ãƒ‡ã‚£ã‚¿ãƒ¼SAHOãŒæ½œå…¥ï¼ åˆã‚ã¦ã ã‚‰ã‘ã®ä½“é¨“ ...
https://t.co/S0CJk857Tm",0,0,0,,fashion_uniqu,,https://pbs.twimg.com/profile_images/1364031843436089345/-bdxo8IR_normal.jpg
2022-04-12 19:35:25+00:00,1513964021606723587,1513964021606723587,"Custo Barcelona presenta â€˜Light Upâ€™ en la MVFW Madrid, su colecciÃ³n de otoÃ±o-invierno 2022-23 | Actualidad en imÃ¡genes | Magazine digital independiente https://t.co/bNS60mEAAt a travÃ©s de @@bcnpressmag",0,0,0,,montsefotos,fotÃ³grafa y redactora de prensa,https://pbs.twimg.com/profile_images/3536543773/47af7c76addc7885335c127480d89f09_normal.jpeg
2022-04-12 17:42:48+00:00,1513935682565287944,1513935682565287944,"Phygital is one of the emerging trends in NFTs and Metaverse. 

I donâ€™t know if this is an alpha, but seek to understand it early and find opportunities.

You can read about Metaverse Fashion week to understand it more. #MVFW #NFTs #NFT #MetaverseNFT",20,4,1,,iamMichaeljerry,Web3 Digital marketer |Creating awareness & Building sustainable communities | working on @getfreemerch @blockchainoau,https://pbs.twimg.com/profile_images/1470675291504840710/41En0bvw_normal.jpg
2022-04-12 15:24:19+00:00,1513900829983612942,1513900829983612942,"å²ä¸Šåˆã®ãƒ¡ã‚¿ãƒãƒ¼ã‚¹ãƒ•ã‚¡ãƒƒã‚·ãƒ§ãƒ³ã‚¦ã‚£ãƒ¼ã‚¯ãŒé–‹å‚¬ NFTã€ãƒ¡ã‚¿ãƒãƒ¼ã‚¹ã¯æ¬¡ä¸–ä»£ã®ãƒ•ã‚¡ãƒƒã‚·ãƒ§ãƒ³ãƒ“ã‚¸ãƒã‚¹ãƒ¢ãƒ‡ãƒ«ã«ãªã‚‹ã‹ https://t.co/ZB0Av1mBjK via @Ouispeakfashion 
#metaverse #MetaverseNFT #mvfw #NFT",0,0,0,,ouispeakfashion,æµ·å¤–ã®ãƒ•ã‚¡ãƒƒã‚·ãƒ§ãƒ³ãƒ†ãƒƒã‚¯ã€ãƒ•ã‚¡ãƒƒã‚·ãƒ§ãƒ³ãƒ“ã‚¸ãƒã‚¹ã®ä»Šã‚’ä¼ãˆã‚‹ã‚¦ã‚§ãƒ–ãƒ¡ãƒ‡ã‚£ã‚¢ ouispeakfashion.com/jpã€OSF JAPAN å…¬å¼Twitterã‚¢ã‚«ã‚¦ãƒ³ãƒˆã€ãƒ•ã‚©ãƒ­ãƒ¼ã—ã¦æœ€æ–°è¨˜äº‹ã‚’ãƒã‚§ãƒƒã‚¯,https://pbs.twimg.com/profile_images/1443667892902539265/_mwJ-XOB_normal.jpg
2022-04-12 12:38:33+00:00,1513859114555879433,1513859114555879433,"I clicked a simple button and became a walking avatar advertisement for my #smallbusiness during #PARISNFTDAY2022 - the potential for marketing and connection in @Decentrland #metaverse is unprecedented. 

Sporting some #dazzle from #mvfw 2022. 

#WomenInNFT #BusinessWoman #POAP https://t.co/XyISYly4uy",3,0,0,"[Photo(previewUrl='https://pbs.twimg.com/media/FQJOnbUXwAAToQO?format=jpg&name=small', fullUrl='https://pbs.twimg.com/media/FQJOnbUXwAAToQO?format=jpg&name=large'), Photo(previewUrl='https://pbs.twimg.com/media/FQJOnbYXMAQVXki?format=jpg&name=small', fullUrl='https://pbs.twimg.com/media/FQJOnbYXMAQVXki?format=jpg&name=large')]",SLHandmade,"Small Business Owner: turned my passion into a thriving business. Love Digital Fashion, NFTs & AI Generative Art; Aspiring UI Developer. Metaverse Pioneer.",https://pbs.twimg.com/profile_images/1536553719529185282/apamY4jR_normal.jpg
2022-04-12 08:51:08+00:00,1513801881155473408,1513801881155473408,"Du 24 au 27 mars se tenait dans @decentraland  (+ @unxd_nft, marketplace de #NFT) la premiÃ¨re #MetaverseFashionWeek (#MVFW)  
https://t.co/bZ8RzrWrE4 (@Guinebow @FNW_FR) + https://t.co/JuH97eVzEo (@matthieumorge @Le_Figaro) #digitalfashion #metavers #metaverse https://t.co/dgoZVGd5J5",1,0,0,"[Photo(previewUrl='https://pbs.twimg.com/media/FQIYcmWXMAECJqy?format=png&name=small', fullUrl='https://pbs.twimg.com/media/FQIYcmWXMAECJqy?format=png&name=large'), Photo(previewUrl='https://pbs.twimg.com/media/FQIZ--zXMAE3sIe?format=jpg&name=small', fullUrl='https://pbs.twimg.com/media/FQIZ--zXMAE3sIe?format=jpg&name=large'), Photo(previewUrl='https://pbs.twimg.com/media/FQIaAcjXwAEU2D6?format=jpg&name=small', fullUrl='https://pbs.twimg.com/media/FQIaAcjXwAEU2D6?format=jpg&name=large')]",IfmParis,"Institut FranÃ§ais de la Mode provides programmes in fashion design, management and craftsmanship, with a strong focus on culture and extensive industry ties.",https://pbs.twimg.com/profile_images/1125791296596140037/YDNHnRIU_normal.png
2022-04-12 07:33:59+00:00,1513782466481381379,1513782466481381379,"ğŸ‘—The #media discussion around #MetaverseFashionWeek focused on #luxury #fashion, with #brands like @TommyHilfiger and @dolcegabbana being among the most influential, while @EsteeLauder gathered attention as the only #cosmetics firm taking part.

ğŸ‘‰https://t.co/QZ5ndJAFkP

#MVFW https://t.co/7fHJegD1LD",2,1,0,"[Photo(previewUrl='https://pbs.twimg.com/media/FQII9MUWYAIYqDk?format=png&name=small', fullUrl='https://pbs.twimg.com/media/FQII9MUWYAIYqDk?format=png&name=large')]",Commetric,"Award-winning #MediaAnalytics for the world's biggest #brands.
#PRmeasurement|#ReputationManagement|#CorporateComms|#InfluencerMapping|#SocialMediaAnalytics|",https://pbs.twimg.com/profile_images/1544210945450336256/60g0XELH_normal.png
2022-04-12 07:20:15+00:00,1513779012878938115,1513779012878938115,ãƒ¡ã‚¿ãƒãƒ¼ã‚¹ãƒ»ãƒ•ã‚¡ãƒƒã‚·ãƒ§ãƒ³ã‚¦ã‚£ãƒ¼ã‚¯ï¼ˆMVFWï¼‰ã¯ãƒ¢ãƒ¼ãƒ‰æ¥­ç•Œã«ã©ã‚“ãªé©å‘½ã‚’ã‚‚ãŸã‚‰ã™ã®ã‹ https://t.co/g6V605wWqM,0,0,0,,glasses4u,çœ¼é¡ã«é–¢ã™ã‚‹è©±é¡Œã‚„ãƒ‹ãƒ¥ãƒ¼ã‚¹ã‚’ã€Googleãƒ‹ãƒ¥ãƒ¼ã‚¹ã‹ã‚‰ãƒ”ãƒƒã‚¯ã‚¢ãƒƒãƒ—ã—ã¦ä¸å®šæœŸã«ã¤ã¶ã‚„ãã¾ã™ã€‚ã€è©¦é¨“ç¨¼å‹•ä¸­ã«ã¤ããŠæ‰‹æŸ”ã‚‰ã‹ã«ãŠé¡˜ã„ã—ã¾ã™ã€‘â€»ãƒ„ã‚¤ãƒ¼ãƒˆå†…ã®ãƒªãƒ³ã‚¯ã‚’çŸ­ç¸®URLã«å¤‰æ›´ã—ã¾ã—ãŸã€‚ãƒ‹ãƒ¥ãƒ¼ã‚¹ã‚µã‚¤ãƒˆã®ã‚ªãƒªã‚¸ãƒŠãƒ«ã®è¨˜äº‹ã«ãƒªãƒ³ã‚¯ã—ã¦ã‚ã‚Šã¾ã™ã€‚,https://pbs.twimg.com/profile_images/1497055338713198595/vz3Ypz0Q_normal.jpg
2022-04-12 00:32:58+00:00,1513676513157165058,1513676513157165058,ãƒ¡ã‚¿ãƒãƒ¼ã‚¹ãƒ»ãƒ•ã‚¡ãƒƒã‚·ãƒ§ãƒ³ã‚¦ã‚£ãƒ¼ã‚¯ï¼ˆMVFWï¼‰ã¯ãƒ¢ãƒ¼ãƒ‰æ¥­ç•Œã«ã©ã‚“ãªé©å‘½ã‚’ã‚‚ãŸã‚‰ã™ã®ã‹https://t.co/MiFdNlJd2S,0,0,0,,ish_inc_,"ãƒ•ã‚¡ãƒƒã‚·ãƒ§ãƒ³ãƒ†ãƒƒã‚¯ãƒ‡ã‚¶ã‚¤ãƒ³ä¼šç¤¾
ãƒ†ã‚¯ãƒãƒ­ã‚¸ãƒ¼ã‚’ã‚‚ã£ã¨ãƒ•ã‚¡ãƒƒã‚·ãƒ§ãƒŠãƒ–ãƒ«ã«ï¼
â–¶ï¸ CEO / fashion tech designerã€€ Olga @Olga_ish_
æœ€æ–°ã®ãƒ•ã‚¡ãƒƒã‚·ãƒ§ãƒ³ãƒ†ãƒƒã‚¯ãƒ‹ãƒ¥ãƒ¼ã‚¹ã‚„å¼Šç¤¾ã®ãŠçŸ¥ã‚‰ã›ãªã©ã‚’ä¸­å¿ƒã«ç™ºä¿¡ã—ã¦ã„ãã¾ã™ï¼",https://pbs.twimg.com/profile_images/1229654462102327296/g8kcSW5T_normal.jpg
2022-04-11 20:55:51+00:00,1513621876211261441,1513621876211261441,New newsletter- Asking big q's- what's the POINT of a virtual fashion week? Compare and contrast #mvfw and the @voguebusiness @yahoo metaverse experience. https://t.co/Qx5hC6mMCi,0,0,0,,metaXmoda,metaxmoda.substack.com  personal @mckennasweazey,https://pbs.twimg.com/profile_images/1570454818690564097/hFxs6CqQ_normal.jpg
2022-04-11 19:26:20+00:00,1513599332641038336,1513599347681865732,"A quick recap from #MVFW.

#METAVERSE #MetaverseNews https://t.co/bxw2FHFOu4",1,0,1,"[Photo(previewUrl='https://pbs.twimg.com/media/FQFiIOXXIAcaI0b?format=jpg&name=small', fullUrl='https://pbs.twimg.com/media/FQFiIOXXIAcaI0b?format=jpg&name=large')]",mevy_eth,Community  | @she__fi | Web3 ğŸš€,https://pbs.twimg.com/profile_images/1489334671813103619/0E96mxru_normal.jpg
2022-04-11 18:00:23+00:00,1513577719874924550,1513577719874924550,"RT:How #Business Leaders Should Embrace The #Metaverse, #NFTS, &amp; The #Virtual Pursuit Of Revenue In The Age Of #Digitalization @IBTimes v/@enilev #MVFW #NFTs @BetaMoroney  @IanLJones98 @HaroldSinnott @Fabriziobustama @MargaretSiegien @RagusoSergio 
https://t.co/znGzJWHZPa https://t.co/2ld7KeSOq3",14,8,0,"[Photo(previewUrl='https://pbs.twimg.com/media/FQFO6ldXEAo-AyH?format=jpg&name=small', fullUrl='https://pbs.twimg.com/media/FQFO6ldXEAo-AyH?format=jpg&name=large')]",HakomTimeSeries,Life is a #timeseries. ğŸ“ˆSince 1991 at HAKOM we have a clear focus: time series management for the #energy industry.ğŸ’¡#DataScience #data #BigData #Analytics,https://pbs.twimg.com/profile_images/1263789875515572224/nu00aIoQ_normal.jpg
2022-04-11 15:54:22+00:00,1513546004435554308,1513546004435554308,"GABAR x AUROBOROS LIMITED EDITION â€” in celebration of the worldâ€™s first Metaverse Fashion Week!âœ¨ğŸŒ

Like Auroboros, Gabar stands for ecological consciousness, innovation and limitless creative expression.

#Auroboros #Gabar #GabarAuroboros #MVFW #ScentDigital #gabarscentdigital https://t.co/rkv4Qk3k01",9,2,1,"[Photo(previewUrl='https://pbs.twimg.com/media/FQEw0fGXEAcgmD_?format=jpg&name=small', fullUrl='https://pbs.twimg.com/media/FQEw0fGXEAcgmD_?format=jpg&name=large')]",auroboros_ltd,Auroboros the science-tech couture house creating for digital & physical worlds Founded by @AAulbekova & @Sello_Paula âšœï¸Mesmer collection dropping 2023,https://pbs.twimg.com/profile_images/1598675592244854784/DYE2OUXu_normal.jpg
2022-04-11 15:01:41+00:00,1513419554902450176,1513532747259817996,"@piotrbudzinnski Maybe not one specific brand, but for me personally whole #MVFW was an outstanding Metaverse experience! @artisantnft x @PUMA, @KarlLagerfeld x @dematerialised, @Krista_Kim x @the_fab_ric_ant - just to name a few.",3,0,1,,michalinalange,Fashion Tech | Biz Development at @marketone_xyz | Digital Fashion | Startups | VR Stores | Metaverse & E-commerce,https://pbs.twimg.com/profile_images/1508775168755253259/E1AnFZFg_normal.jpg
2022-04-11 14:00:02+00:00,1513517230092283907,1513517230092283907,NFT Emotes are Coming to Decentralandâ€”Get the First Ones at MVFW! https://t.co/ZEDHgODSQy via @TodayNFT #articleshare #NFTCommunity,0,0,0,,metaclaims,"The first Augmented Reality Network, own and operated by its user's.
This initiative is being lead by the Motley Ds.  Follow @motleyds for more information.",https://pbs.twimg.com/profile_images/1455897896700637188/7xbNpuP0_normal.jpg
2022-04-11 13:21:05+00:00,1513507431560667146,1513507431560667146,"The Future of Modelling ğŸ‘€

#ens #virtualmodel #nfts #nft #ensdomains #Etherum 
#modelling #model #digitalfashion #fashion #MVFW https://t.co/e11vrFl9IF",39,3,6,"[Photo(previewUrl='https://pbs.twimg.com/media/FQEO5ucWYAApBJ4?format=jpg&name=small', fullUrl='https://pbs.twimg.com/media/FQEO5ucWYAApBJ4?format=jpg&name=large')]",BonrolleDomains,"Our Future is Bright ğŸ’  #10kClub #ENS

ENSlove.eth  ENSvillage.eth  ENSsummer.eth  ENSmania.eth",https://pbs.twimg.com/profile_images/1587895714302025737/9FkB6cBI_normal.jpg
2022-04-11 13:18:01+00:00,1513506658110124039,1513506658110124039,"Spoke to â€˜Bikini Stateâ€™ during MVFW to talk a little about my photography and why I make NFTs ğŸ¦‡

Photos by Galen Bullivant https://t.co/pC5wcnCVfv",33,14,3,"[Photo(previewUrl='https://pbs.twimg.com/media/FQEORjEWQAU56Ke?format=jpg&name=small', fullUrl='https://pbs.twimg.com/media/FQEORjEWQAU56Ke?format=jpg&name=large'), Photo(previewUrl='https://pbs.twimg.com/media/FQEORjEXIAkfKRn?format=jpg&name=small', fullUrl='https://pbs.twimg.com/media/FQEORjEXIAkfKRn?format=jpg&name=large'), Photo(previewUrl='https://pbs.twimg.com/media/FQEORjJXsAAOP_f?format=jpg&name=small', fullUrl='https://pbs.twimg.com/media/FQEORjJXsAAOP_f?format=jpg&name=large'), Photo(previewUrl='https://pbs.twimg.com/media/FQEORjGXoAMUmlH?format=jpg&name=small', fullUrl='https://pbs.twimg.com/media/FQEORjGXoAMUmlH?format=jpg&name=large')]",moyosorebriggs,"new media photographer. model. cult leader.

foundation.app/collection/zerâ€¦",https://pbs.twimg.com/profile_images/1542576130414215170/fvXIHX8__normal.jpg
2022-04-11 13:01:27+00:00,1513502490138116098,1513502490138116098,"Tuáº§n lá»… thá»i trang Metaverse cá»§a Decentraland (MVFW) khÃ´ng háº³n lÃ  tuáº§n lá»… Ä‘áº§u tiÃªn cá»§a loáº¡i hÃ¬nh nÃ y. 
#vnkrypto #metaverse #MVFW
https://t.co/bLCbejGmbQ",0,0,0,,vnkrypto,Trang Tin tá»©c vá» tiá»n Ä‘iá»‡n tá»­ má»›i nháº¥t cáº­p nháº­t 24/7 táº¡i #Vietnam vÃ  tháº¿ giá»›i. #Crypto â€“ #Blockchain â€“ #NFT - #Metaverse #TrÃ²chÆ¡iNFT. Email: hello@vnkrypto.com,https://pbs.twimg.com/profile_images/1496799904764932107/EQdn3WNz_normal.jpg
2022-04-11 05:16:36+00:00,1513078189803077633,1513385507228729344,"@chidambara09 A good article/recap of #Metaverse #Fashion #Week #MVFW  (Photo: #CherieChun, The Sirens of Sharp Island, 2022. Courtesy of the artist) Thanks @chidambara09",0,0,0,,enilev,"Top #Influencer #Tech #AI #ML #VR #AR #Blockchain #Neuro #Energy #Metaverse #Web3 #FashionTech #SDGs #renewables #DX, #5G #cyber advocate. Tweets are my own.",https://pbs.twimg.com/profile_images/1328022019003338757/NEzrkoiF_normal.jpg
2022-04-11 01:04:42+00:00,1513321154307674113,1513322113486233605,"Legendary #MVFW
Black Bitforce AF1
Like &amp; RT 
Must follow all 3 accounts  
@Skullonface 
 
@voxtronauts 
 
@Eagle_Stephen_
 Tag 3 friends
24HRS 
#Decentraland #Wearables #NFTdrop #NFT #MetaverseFashionWeek https://t.co/fk6klSziGk",8,4,9,"[Photo(previewUrl='https://pbs.twimg.com/media/FQBmK56XoAE4e0b?format=png&name=small', fullUrl='https://pbs.twimg.com/media/FQBmK56XoAE4e0b?format=png&name=large')]",Eagle_Stephen_,"Electronic systems engineer-aerospace oriented.
VoxelArtist,3Dmodeler,SandBox Land Owner. HashLips Core Team 
ğŸ­ CryptoReaper X @cryptoreaperX #nft #hustler",https://pbs.twimg.com/profile_images/1532402474929246211/ojYAmBhH_normal.png
2022-04-10 22:38:21+00:00,1513198046951219212,1513285284271726594,@father_fin MVFW: https://t.co/P4deOFUsI7,1,0,0,,opaaq0,ğŸ”” Wearable Designer |ğŸ•@LastSliceCoğŸ•| Junior Dev | MoC at @PARCELPARTIES | ğŸ‘ SingleEyeCreations: discord.gg/RBZVqnGMPQ,https://pbs.twimg.com/profile_images/1532418648425504768/WMc8_L1p_normal.jpg
2022-04-10 19:53:10+00:00,1513243714705149959,1513243714705149959,ğŸŸï¸ I'm attending Metaverse Fashion Week #MVFW! Get your invite at https://t.co/KVuXKGlY1w,0,0,0,,MadaRP,Fashion Design and Technology is my Work life!!!!!and ......live....with friends and family ğŸ‘â˜˜ï¸ğŸˆğŸ‡µğŸ‡¹,https://pbs.twimg.com/profile_images/799729561864990720/wbmbL_2i_normal.jpg
2022-04-10 18:18:47+00:00,1513219960511905793,1513219960511905793,"ğŸ”¥BOMBAZOğŸ”¥

La primera Semana de la Moda del #Metaverso : La moda digital ha llegado para quedarse #Decentraland 
#MVFW #thesandboxgame #ETH #Ethereum https://t.co/ex4JePCjuj",1,0,0,"[Photo(previewUrl='https://pbs.twimg.com/media/FQAIPAcXIAIVXpk?format=jpg&name=small', fullUrl='https://pbs.twimg.com/media/FQAIPAcXIAIVXpk?format=jpg&name=large')]",EmpirexXx_,ğŸ”¸Analista de MercadoğŸ“Š CriptomonedasğŸ’ y Master en proyectos de investigaciÃ³n #NFT.ğŸ“± #Bitcoin #ETH #Crypto #metaverso #Sol #blockchain,https://pbs.twimg.com/profile_images/1244991978351333389/tC1tfXtA_normal.jpg
2022-04-10 16:51:42+00:00,1513198046951219212,1513198046951219212,"After spending too much time in the clouds ... I am finally home. I can't wait to come back to #decentraland...for those who participated with #MVFW if yall could post pics on what I missed. I would appreciate it ğŸ˜

I missed my DCL Family https://t.co/k89bpFlnOl",39,1,8,"[Photo(previewUrl='https://pbs.twimg.com/media/FP_1msyX0AEoC6j?format=jpg&name=small', fullUrl='https://pbs.twimg.com/media/FP_1msyX0AEoC6j?format=jpg&name=large')]",father_fin,An addicted Decentraland wearable collector and a member of @dclbabydolls,https://pbs.twimg.com/profile_images/1533932548820193285/3QHkF93t_normal.jpg
2022-04-10 16:07:49+00:00,1513187003621281792,1513187003621281792,â€œãƒ¡ã‚¿ãƒãƒ¼ã‚¹ãƒ»ãƒ•ã‚¡ãƒƒã‚·ãƒ§ãƒ³ã‚¦ã‚£ãƒ¼ã‚¯ã¯ã€ãƒ–ãƒ©ãƒ³ãƒ‰ãŒãƒ¡ã‚¿ãƒãƒ¼ã‚¹å†…ã§ã‚¹ãƒˆãƒ¼ãƒªãƒ¼ã‚’æ§‹ç¯‰ã™ã‚‹æ–¹æ³•ã®å¯èƒ½æ€§ã‚’å£é–“è¦‹ã‚‹ã“ã¨ãŒã§ããŸâ€ â†’ ãƒ¡ã‚¿ãƒãƒ¼ã‚¹ãƒ»ãƒ•ã‚¡ãƒƒã‚·ãƒ§ãƒ³ã‚¦ã‚£ãƒ¼ã‚¯ï¼ˆMVFWï¼‰ã¯ãƒ¢ãƒ¼ãƒ‰æ¥­ç•Œã«ã©ã‚“ãªé©å‘½ã‚’ã‚‚ãŸã‚‰ã™ã®ã‹ï¼ˆELLE DIGITALï¼‰ -  https://t.co/fkvoE8uYG9,0,0,0,,Kiyoshileo,ãƒ‡ã‚¸ã‚¿ãƒ«ã‚¸ãƒ­ãƒªã‚¢ãƒ³ iPhone&Androidä¸¡æ‰‹ã«Twitterï¼ã‚­ãƒ¼ãƒ¯ãƒ¼ãƒ‰ï¼šãƒãƒƒãƒˆã€ãƒ¢ãƒã‚¤ãƒ«ã€ãƒ¡ãƒ‡ã‚£ã‚¢ã€é…’ã€ãƒ”ã‚¢ãƒã€ãƒãƒ¯ãƒ¯ã€ã²ã¨ã‚Šé£²ã¿ã€€ç”Ÿæ´»åœ°ï¼šæ¸‹è°·ãƒ»è‡ªç”±ãŒä¸˜ãƒ»é›ªè°·ã€€ä»•äº‹ï¼šãƒ†ãƒ¬ãƒ“ã¨ã‚½ãƒ¼ã‚·ãƒ£ãƒ«ãƒ¡ãƒ‡ã‚£ã‚¢ã€€Snapchatâ†’kiyoshi01 enlightened,https://pbs.twimg.com/profile_images/3653106433/81f5ebb9b55c4cfcb46118ea20f1aa5e_normal.jpeg
2022-04-10 14:44:27+00:00,1513166023536816130,1513166023536816130,"ã¨ã†ã¨ã†ä»®æƒ³ç©ºé–“ä¸Šã§
ãƒ•ã‚¡ãƒƒã‚·ãƒ§ãƒ³ã‚¦ã‚£ãƒ¼ã‚¯ãŒã§ãã‚‹æ™‚ä»£ã‹

ã‚‚ã†ç¾åœ°ã«ã„ã‹ãªãã¦ã‚‚
èª°ã§ã‚‚è¦‹ã«è¡Œã‘ã‚‹æ™‚ä»£ãªã®ã‹ãª
ï¼ƒãƒ¡ã‚¿ãƒãƒ¼ã‚¹
ï¼ƒãƒ•ã‚¡ãƒƒã‚·ãƒ§ãƒ³ã‚¦ã‚£ãƒ¼ã‚¯

ãƒ¡ã‚¿ãƒãƒ¼ã‚¹ãƒ»ãƒ•ã‚¡ãƒƒã‚·ãƒ§ãƒ³ã‚¦ã‚£ãƒ¼ã‚¯ï¼ˆMVFWï¼‰ã¯ãƒ¢ãƒ¼ãƒ‰æ¥­ç•Œã«ã©ã‚“ãªé©å‘½ã‚’ã‚‚ãŸã‚‰ã™ã®ã‹(ELLE DIGITAL)
#Yahooãƒ‹ãƒ¥ãƒ¼ã‚¹
https://t.co/iR6Pf6Tv2f",0,0,0,,book_rabbit888,"å¿™ã—ãã¦æœ¬èª­ã‚€æš‡ãŒãªã„äººã®ãŸã‚ã«è‰¯æ›¸ã‚’ç´¹ä»‹ã—ã¦ã„ã¾ã™ã€‚
ã‚¤ãƒ³ã‚¹ã‚¿å›³æ›¸é¤¨ã§äººã‚’å¹¸ã›ã«â™¥
#èª­æ›¸æ™®åŠ  ã«è²¢çŒ®ã—ã¦ã„ãã¾ã™ï¼
è‰¯æ›¸ã‚’çŸ¥ã‚ŠãŸã„äººã‚„ğŸ¦ãƒªãƒ™å¤§âœ–å‚æ”¿å…šğŸŸ ã¯ãƒ•ã‚©ãƒ­ãƒ¼ã—ã¦ãã ã•ã„ã­â™ª  çŒ®æœ¬ã¯DMã‹ã‚‰ã”é€£çµ¡ãã ã•ã„â™¥",https://pbs.twimg.com/profile_images/1566778831968813056/o9HLZn4o_normal.jpg
2022-04-10 12:13:05+00:00,1513127930783846407,1513127930783846407,ãƒ¡ã‚¿ãƒãƒ¼ã‚¹ãƒ»ãƒ•ã‚¡ãƒƒã‚·ãƒ§ãƒ³ã‚¦ã‚£ãƒ¼ã‚¯ï¼ˆMVFWï¼‰ã¯ãƒ¢ãƒ¼ãƒ‰æ¥­ç•Œã«ã©ã‚“ãªé©å‘½ã‚’ã‚‚ãŸã‚‰ã™ã®ã‹(ELLE DIGITAL) https://t.co/3xCUA36Ykz,0,0,0,,matomerumo02,matomerumo.net/webnews/,https://pbs.twimg.com/profile_images/1386143444674908161/1Z0D7QDl_normal.jpg
2022-04-10 12:08:47+00:00,1513126848653365253,1513126848653365253,ãƒ¡ã‚¿ãƒãƒ¼ã‚¹ãƒ»ãƒ•ã‚¡ãƒƒã‚·ãƒ§ãƒ³ã‚¦ã‚£ãƒ¼ã‚¯ï¼ˆMVFWï¼‰ã¯ãƒ¢ãƒ¼ãƒ‰æ¥­ç•Œã«ã©ã‚“ãªé©å‘½ã‚’ã‚‚ãŸã‚‰ã™ã®ã‹(ELLE DIGITAL) https://t.co/q72KkqFwX1,0,0,0,,adla_o,ä»Šæ—¥ã®ãƒ‹ãƒ¥ãƒ¼ã‚¹ãƒ»å‡ºæ¥äº‹ã‚’ãƒ”ãƒƒã‚¯ã‚¢ãƒƒãƒ—ã—ã¦ãŠå±Šã‘ã—ã¾ã™ã€‚,https://pbs.twimg.com/profile_images/1480445691516579843/FpjvOOq1_normal.jpg
2022-04-10 12:05:24+00:00,1513125995599040519,1513125995599040519,ãƒ¡ã‚¿ãƒãƒ¼ã‚¹ãƒ»ãƒ•ã‚¡ãƒƒã‚·ãƒ§ãƒ³ã‚¦ã‚£ãƒ¼ã‚¯ï¼ˆMVFWï¼‰ã¯ãƒ¢ãƒ¼ãƒ‰æ¥­ç•Œã«ã©ã‚“ãªé©å‘½ã‚’ã‚‚ãŸã‚‰ã™ã®ã‹(ELLE DIGITAL) https://t.co/A50qMc3TXG,0,0,0,,japan_news33,ä»Šæ—¥ã‚ã£ãŸèŠ¸èƒ½ã‚´ã‚·ãƒƒãƒ—ãƒ‹ãƒ¥ãƒ¼ã‚¹ã‚’çºã‚ã¦ãŠå±Šã‘ã—ã¾ã™ã€‚,https://pbs.twimg.com/profile_images/1476085771723755520/rYUYk0Wh_normal.jpg
2022-04-10 06:12:43+00:00,1513037239852273667,1513037239852273667,#MVFW #dzzit https://t.co/th0d5OZrta,0,0,0,"[Photo(previewUrl='https://pbs.twimg.com/media/FP9jUmeWYAILvjp?format=jpg&name=small', fullUrl='https://pbs.twimg.com/media/FP9jUmeWYAILvjp?format=jpg&name=large')]",zhanglala0810k,"ç”Ÿè´¢æœ‰é“
buildspace.so/handle",https://pbs.twimg.com/profile_images/1414005667237703687/_5jfKuP7_normal.jpg
2022-04-10 06:11:00+00:00,1513036346314551299,1513036807817990146,#MVFW #dzzit,0,0,0,,zhanglala0810k,"ç”Ÿè´¢æœ‰é“
buildspace.so/handle",https://pbs.twimg.com/profile_images/1414005667237703687/_5jfKuP7_normal.jpg
2022-04-10 06:09:10+00:00,1513036346314551299,1513036346314551299,https://t.co/BjdTdFRk56 #MVFW #dzzit,0,0,1,,zhanglala0810k,"ç”Ÿè´¢æœ‰é“
buildspace.so/handle",https://pbs.twimg.com/profile_images/1414005667237703687/_5jfKuP7_normal.jpg
2022-04-09 22:07:38+00:00,1512915164969984009,1512915164969984009,"#BearCrawl #MetaDoge #Invasion #Giveaway

ğŸ“¸Best Picture Competition

âœ…Tag @BitBears @metadogeNFT and @definitecasheth in your pictures.
âœ…Comment Addy

ğŸ†1 x MVFW Muscle MetaDoge
ğŸ†2 x Vox Board 40
ğŸ†2 x MetaDogeNFT - Waifumon

MetaDogeFam Dicscord â¡ï¸ https://t.co/KOK8OYtlXh https://t.co/gmjkWoP4XJ",34,27,29,"[Photo(previewUrl='https://pbs.twimg.com/media/FP70UlnXwAIXmuS?format=png&name=small', fullUrl='https://pbs.twimg.com/media/FP70UlnXwAIXmuS?format=png&name=large'), Photo(previewUrl='https://pbs.twimg.com/media/FP70UmkWYAM4oZI?format=png&name=small', fullUrl='https://pbs.twimg.com/media/FP70UmkWYAM4oZI?format=png&name=large'), Photo(previewUrl='https://pbs.twimg.com/media/FP70UnyXwA4hwmC?format=png&name=small', fullUrl='https://pbs.twimg.com/media/FP70UnyXwA4hwmC?format=png&name=large')]",definitecasheth,"Creator of @defidripdcl wearables, OG advisor @bitbears, @redlion_news art curator. #Metaverse #NFTs",https://pbs.twimg.com/profile_images/1495235191601868803/ETLlYRwx_normal.jpg
2022-04-09 19:52:26+00:00,1512881138691457025,1512881138691457025,"How #Business Leaders Should Embrace The #Metaverse, #NFTS, And The #Virtual Pursuit Of Revenue In The Age Of #Digitalization @IBTimes 
#MVFW #NFTs 

@BetaMoroney @SpirosMargaris @IanLJones98 @HaroldSinnott @Fabriziobustama @MargaretSiegien @RagusoSergio 
https://t.co/QbBvRcJbnA https://t.co/jXIcR2eFfp",25,22,9,"[Photo(previewUrl='https://pbs.twimg.com/media/FP7VXm-XMAcGAMJ?format=jpg&name=small', fullUrl='https://pbs.twimg.com/media/FP7VXm-XMAcGAMJ?format=jpg&name=large')]",enilev,"Top #Influencer #Tech #AI #ML #VR #AR #Blockchain #Neuro #Energy #Metaverse #Web3 #FashionTech #SDGs #renewables #DX, #5G #cyber advocate. Tweets are my own.",https://pbs.twimg.com/profile_images/1328022019003338757/NEzrkoiF_normal.jpg
2022-04-09 18:09:56+00:00,1512855345827307520,1512855345827307520,"POAP by @DragonCityIO from Metaverse Fashion Week @Decentraland
#poap #decentraland #mvfw https://t.co/8STR8r1vxH",4,2,1,"[Photo(previewUrl='https://pbs.twimg.com/media/FP68b-uXsAgIpqs?format=jpg&name=small', fullUrl='https://pbs.twimg.com/media/FP68b-uXsAgIpqs?format=jpg&name=large'), Photo(previewUrl='https://pbs.twimg.com/media/FP69suTWYAAwfpk?format=jpg&name=small', fullUrl='https://pbs.twimg.com/media/FP69suTWYAAwfpk?format=jpg&name=large')]",WonderOctopus,Trader | Dream Generator | Crypto | NFTs | Web3 | Metaverse | Art | Philosophy | Decent/Ethic/Fair Society Supporter | Sustainable World for all Living Beings |,https://pbs.twimg.com/profile_images/1571756643934773248/ZbJYyWIH_normal.jpg
2022-04-09 17:00:28+00:00,1512837861539786756,1512837861539786756,"Purchase Crypto Coutureâ„¢ Decentraland wearables while supplies last by visiting https://t.co/R4WmlDrBTd

@superpopdrop #cryptocouture @MissJAlexander @zoro14k @atfluence @OHZONE_Inc @decentraland @rarible #MVFW https://t.co/GpKV6Kdsnv",1,0,0,"[Photo(previewUrl='https://pbs.twimg.com/media/FP6uAlAXEAYr8Ih?format=jpg&name=small', fullUrl='https://pbs.twimg.com/media/FP6uAlAXEAYr8Ih?format=jpg&name=large')]",SuperPopdrop,"Crypto Coutureâ„¢ Digital Fashion Collaboration Incubator benefits SuperPhoenix.org. Follow us for weekly giveaway, register online for free wearables!ğŸ§šâ€â™‚ï¸",https://pbs.twimg.com/profile_images/1513246566928240651/hCA2VxhN_normal.jpg
2022-04-09 15:36:02+00:00,1512816066593841153,1512816617050189825,"Beating Heart Forever with DAZZLE FASHION. You should submit the selfie you tweeted in the previous action with hashtag #dzzit and #MVFW .

Sorry, we could not find any media taggedÂ #MVFW #dzzit",0,0,0,,nicolas_anelka3,Life is a gift,https://pbs.twimg.com/profile_images/1468669646916112386/KorUtJJo_normal.jpg
2022-04-09 15:33:51+00:00,1512816066593841153,1512816066593841153,https://t.co/8Y6lmZ5gOW #MVFW #dzzit,1,0,1,,nicolas_anelka3,Life is a gift,https://pbs.twimg.com/profile_images/1468669646916112386/KorUtJJo_normal.jpg
2022-04-09 05:55:32+00:00,1512670526610706434,1512670526610706434,#MVFW #dzzit https://t.co/txwO0I3GmB,0,0,0,"[Photo(previewUrl='https://pbs.twimg.com/media/FP4V0k2aMAEVDwo?format=png&name=small', fullUrl='https://pbs.twimg.com/media/FP4V0k2aMAEVDwo?format=png&name=large')]",pigpk99,day day up,https://pbs.twimg.com/profile_images/1567169063549571072/YvnNdZc8_normal.jpg
2022-04-09 05:54:59+00:00,1512670387762438146,1512670387762438146,https://t.co/u8WpfcAFWc #MVFW #dzzit,0,0,0,,pigpk99,day day up,https://pbs.twimg.com/profile_images/1567169063549571072/YvnNdZc8_normal.jpg
2022-04-09 05:47:25+00:00,1512668483582308356,1512668483582308356,#MVFW #dzzit https://t.co/yejG50Kjo9,0,0,0,"[Photo(previewUrl='https://pbs.twimg.com/media/FP4T8vuaAAEl-uJ?format=png&name=small', fullUrl='https://pbs.twimg.com/media/FP4T8vuaAAEl-uJ?format=png&name=large')]",mopar9966,å–œæ¬¢è§£å¯†ï¼Œå•çº¯å°èœé¸¡~,https://pbs.twimg.com/profile_images/1504782059012714496/tuY0p-zx_normal.jpg
2022-04-09 05:46:38+00:00,1512668288408748036,1512668288408748036,https://t.co/MJgJ6U3IHh #MVFW #dzzit,0,0,0,,mopar9966,å–œæ¬¢è§£å¯†ï¼Œå•çº¯å°èœé¸¡~,https://pbs.twimg.com/profile_images/1504782059012714496/tuY0p-zx_normal.jpg
2022-04-09 05:37:05+00:00,1512665882602139655,1512665882602139655,#MVFW #dzzit https://t.co/bV8mTefibU,0,0,0,"[Photo(previewUrl='https://pbs.twimg.com/media/FP4RmYHacAQZlaG?format=png&name=small', fullUrl='https://pbs.twimg.com/media/FP4RmYHacAQZlaG?format=png&name=large')]",tryall7721,"é—²é±¼ä¸é—²
deca.art/dogdu
350305.eth@mail3.me",https://pbs.twimg.com/profile_images/1504505164757364736/-voo1Bs-_normal.jpg
2022-04-09 05:36:27+00:00,1512665725927927810,1512665725927927810,https://t.co/WJDh4Z8mzk #MVFW #dzzit,0,0,0,,tryall7721,"é—²é±¼ä¸é—²
deca.art/dogdu
350305.eth@mail3.me",https://pbs.twimg.com/profile_images/1504505164757364736/-voo1Bs-_normal.jpg
